key,en,ar,cs,de,es,fi,fr,it,ja,ko,nb,nl,pl,pt,ru,tr,zh
page_title.home,Home,,Domů,Startseite,Casa,Etusivu,Accueil,Casa,ホーム,홈,,Startpagina,Strona główna,Casa,Главная,Anasayfa,
page_title.settings,Settings,,Nastavení,Einstellungen,Ajustes,Asetukset,Paramètres,Impostazioni,設定,설정,,Instellingen,Ustawienia,Definições,Настройки,Ayarlar,
page_title.mods,My Stuff,,My Stuff,My Stuff,My Stuff,My Stuff,My Stuff,My Stuff,My Stuff,My Stuff,,My Stuff,My Stuff,My stuff,My Stuff,My Stuff,
page_title.patches,Patches,,,,,Paikkaukset,,,,,,,Poprawki,Patches,,,
page_title.my_profiles,My profiles,,Moje profily,Mein Profil,Mis perfiles,Omat profiilit,Mes Licences,I miei profili,プロフィール,나의 프로필,,Mijn profielen,Moje Profile,Os meus perfis,Мои профили,Profillerim,
page_title.rooms,Rooms,,Místnosti,Räume,Salas,Huoneet,Salles,Stanze,ルーム,룸,,Kamers,Pokoje,Salas,Комнаты,Odalar,
page_title.friends,Friends,,Kamarádi,Freunde,Amigos,Kaverit,Amis,Amici,フレンド,친구,,Vrienden,Przyjaciele,Amigos,Друзья,Arkadaşlar,
page_title.leaderboard,Leaderboard,,,,,Tulostaulu,,,,,,,Tabela Wyników,Tabela de Ranking,,,
page_title.room_details,Room Details,,Podrobnosti o Místnosti,Raumdetails,Detalles de la sala,Huoneen tiedot,Détail de la salle,Dettagli della stanza,ルームの詳細,룸 세부사항,,Kamerinformatie,Szczegóły Pokoju,Detalhes da sala,Подробности о комнате,Oda Detayları,
page_title.my_miis,My Miis,,Moje Miiy,Meine Miis,Mis Miis,Omat Miit,Mes Miis,I miei Mii,自分のMii,나의 Mii,,Mijn Mii's,Moje Mii,Meus Miis,Мои Mii,Benim Mii'lerim,
attribute.status_online,Online,,Online,Online,En línea,Online,En Ligne,Online,オンライン,온라인,,Online,Online,Online,В сети,Çevrimiçi,
attribute.enabled,Enabled,,Zapnuto,Aktiviert,Activado,Käytössä,Activer,Attivato,有効,활성화됨,,Ingeschakeld,Włączone,Ativado,Включено,Etkin,
attribute.title,Title,,Název,Titel,Titulo,Otsikko,Titre,Titolo,タイトル,제목,,Titel,Tytuł,Título,Заголовок,Başlık,
attribute.all,All,,,,,Kaikki,,,,,,,Wszystko,Tudo,,,
attribute.status_offline,Offline,,Offline,Offline,Desconectado,Offline,Hors-Ligne,Offline,オフライン,오프라인,,Offline,Offline,Offline,Не в сети,Çevrimdışı,
attribute.name,Name,,Jméno,Name,Nombre,Nimi,Nom,Nome,名前,이름,,Naam,Nazwa,Nome,Название,Ad,
attribute.id,ID,,ID,ID,ID,ID,ID,ID,ID,ID,,ID,ID,ID,ID,ID,
attribute.type,Type,,Typ,Typ,Tipo,Tyyppi,Type,Tipo,種類,종류,,Type,Typ,Tipo,Тип,Tür,
attribute.speed,Speed,,Rychlost,Geschwindigkeit,Velocidad,Nopeus,Vitesse,Velocità,速度,속도,,Snelheid,Prędkość,Velocidade,Скорость,Hız,
attribute.mod_name,Mods Name,,Jméno Modu,Mod-Name,Nombre de mods,Modin nimi,Nom du Mod,Nome della Mod,Modの名前,모드 이름,,Modnaam,Nazwa Moda,Nome dos Mods,Название модов,Modların Adı,
attribute.average_room_vr,Average VR,,Průměrný ZH,Durchschnittliche R-Punkte,PC Promedio,Keskiarvoinen KP,Point Course en moyenne,Media dei Punti Corsa,平均VR,평균 VR,,Gemiddelde rp.,Średni OV*,CV Médio,Средний ГР,Ortalama KP,
attribute.losses,Losses,,Prohry,Verlorene Rennen,Derrotas,Häviöt,Défaites,Sconfitte,負け,패배,,Verloren,Przegrane,Derrotas,Поражения,Kayıplar,
attribute.wins,Wins,,Vyhry,Gewonnene Rennen,Victorias,Voitot,Victoire,Vittorie,勝ち,승리,,Overwinningen,Wygrane,Vitórias,Победы,Galibiyetler,
attribute.races_played,Races played,,Zahrané závody,Gespielte Rennen,Carreras jugadas,Kisoja pelattu,Course Jouées,Gare giocate,プレイしたレース数,플레이한 레이스 수,,Races gespeeld,Wyścigi zagrane,Corridas jogadas,Сыграно гонок,Oynanan Yarışlar,
attribute.friend_code,Friend Code,,Kód Kamaráda,Freundescode,Clave de amigo,Kaverikoodi,Code Ami,Codice Amico,フレンドコード,친구 코드,,Vriendcode,Kod Przyjaciela,Código de Amigo,Код друга,Arkadaş Kodu,
attribute.player_count,Players,,Hráči,Spieler,Jugadores,Pelaajia,Joueurs,Giocatori,プレイヤー,플레이어,,Spelers,Graczy,Jogadores,Игроки,Oyuncular,
attribute.time_online,Time Online,,Čas Online,Zeit online,Tiempo en línea,Aika online-tilassa,Temps en ligne,Tempo online,オンライン時間,온라인 시간,,Tijd online,Czas Online,Tempo Online,Время онлайн,Çevrimiçi Süre,
attribute.message,Message,,Vzkaz,Nachricht,Mensaje,Viesti,Message,Messaggio,メッセージ,메세지,,Bericht,Wiadomość,Mensagem,Сообщение,Mesaj,
attribute.is_online,Is Online,,Je Online,Ist Online,Está Online,Online-tilassa,Est en ligne,È Online,オンラインかどうか,온라인 상태,,Is online,Jest Online,Está Online,В сети,Online,
attribute.mii.gender_male,Male,,Muž,Weiblich,Hombre,Mies,Homme,Maschio,男,남성,,Man,Mężczyzna,Homem,Мужской,Erkek,
attribute.mii.gender,Gender,,Pohlaví,Geschlecht,Género,Sukupuoli,Genre,Genere,性別,성별,,Geslacht,Płeć,Género,Пол,Cinsiyet,
attribute.mii.gender_female,Female,,Žena,Männlich,Mujer,Nainen,Femme,Femmina,女,여성,,Vrouw,Kobieta,Mulher,Женский,Kadın,
attribute.mii.vertical_position,Vertical Position (Up/Down),,Vertikální Poloha (Nahoru/Dolů),Vertikale Position (hoch/runter),Posición vertical (Arriba/Abajo),Pystysuuntainen sijainti,Position verticale,Posizione verticale (Su/Giù),縦の位置 (上/下),수직 위치 (위/아래),,Verticale positie (omhoog/omlaag),Pionowa Pozycja (Góra/Dół),Posição Vertical (Cima/Baixo),По вертикали (вверх/вниз),Dikey Konum (Yukarı/Aşağı),
attribute.mii.size,Size,,Velikost,Größe,Tamaño,Koko,Taille,Dimensione,大きさ,사이즈,,Grootte,Rozmiar,Tamanho,Размер,Boyut,
attribute.mii.nose_type,Nose Type,,Typ Nosu,Nasenform,Tipo de Nariz,Nenän tyyli,Type de nez,Tipo di naso,鼻の種類,코 종류,,Neusvorm,Rodzaj Nosa,Tipo de Nariz,Тип носа,Burun Tipi,
attribute.mii.horizontal_position,Horizontal Position (Left/Right),,Horizontální Poloha (Vlevo/Vpravo),Horizontale Position (links/rechts),Posición Horizontal (Izq/Der),Vaakasuuntainen sijainti,Position horizontale,Posizione orizzontale (Sinistra/Destra),横の位置 (左/右),수평 위치(왼쪽/오른쪽),,Horizontale positie (links/rechts),Pozioma Pozycja (Lewo/Prawo),Posição Horizontal (Esquerda/Direita),По горизонтали (влево/вправо),Yatay Konum (Sağ/Sol),
attribute.mii.mouth_type,Mouth Type,,Typ Úst,Mundform,Tipo de Boca,Huulien tyyli,Type de bouches,Tipo di bocca,口の種類,입 종류,,Mond,Rodzaj Ust,Tipo de Boca,Тип рта,Ağız Tipi,
attribute.mii.hair_color,Hair Color,,Barva Vlasů,Haarfarbe,Color del Pelo,Hiusväri,Couleur des cheveux,Colore dei capelli,髪の色,머리카락 색상,,Haarkleur,Kolor Włosów,Cor de Cabelo,Цвет волос,Saç Rengi,
attribute.mii.hair_type,Hair Type,,Typ Vlasů,Frisur,Tipo de Pelo,Hiustyyli,Type des cheveux,Tipo di capelli,髪の種類,머리카락 타입,,Haartype,Rodzaj Włosów,Tipo de Cabelo,Тип волос,Saç Tipi,
attribute.mii.mirror_hair,Mirror Hair,,Zrcadlové Vlasy,Frisur spiegeln,Voltear Pelo,Peilaa hiukset,Cheveux en miroir,Capelli riflessi,髪型の反転,머리카락 반전,,Haar spiegelen,Odwrócone Włosy,Espelhar o Cabelo,Отразить волосы,Saç Yönünü Değiştir,
attribute.mii.glasses_type,Glasses Type,,Typ Brýlí,Brillenform,Tipo de Lentes,Silmälasien tyyli,Type de lunettes,Tipo di occhiali,メガネの種類,안경 타입,,Brilvorm,Rodzaj Okularów,Tipo de óculos,Тип очков,Gözlük Tipi,
attribute.mii.glasses_color,Glasses Color,,Barva Brýlí,Brillenfarbe,Color de Lentes,Silmälasien väri,Couleur des lunettes,Colore degli occhiali,メガネの色,안경 색상,,Brilkleur,Kolor Okularów,Cor dos óculos,Цвет очков,Gözlük Rengi,
attribute.mii.name,Mii Name,,Mii Jmeno,Mii Name,Nombre de Mii,Miin nimi,Nom du Mii,Nome del Mii,Miiの名前,Mii 이름,,Mii-naam,Imię Mii,Nome do Mii,Имя Mii,Mii Adı,
attribute.mii.creator_name,Creator Name,,Jméno Tvůrce,Ersteller-Name,Nombre de Creador,Tekijän nimi,Nom de l'auteur.rice,Nome dell'autore,作成者の名前,제작자 이름,,Gemaakt door,Imię Twórcy,Nome do Criador,Имя автора,Yapımcı Adı,
attribute.mii.height,Height,,Výška,Größe,Altura,Pituus,Taille,Altezza,高さ,키,,Lengte,Wysokość,Altura,Высота,Boy,
attribute.mii.width,Width,,Šířka,Breite,Ancho,Leveys,Largeur,Larghezza,幅,폭,,Breedte,Szerokość,Largura,Ширина,Genişlik,
attribute.mii.fav_color,Favorite Color,,Oblíbená Barva,Lieblingsfarbe,Color Favorito,Lempiväri,Couleur favorite,Colore preferito,好きな色,좋아하는 색상,,Lievelingskleur,Ulubiony Kolor,Cor Favorita,Любимый цвет,En Sevdiği Renk,
attribute.mii.skin_color,Skin Color,,Barva Pleti,Hautfarbe,Color de Piel,Ihonväri,Couleur de peau,Colore della pelle,肌の色,피부 색,,Huidskleur,Kolor Skóry,Cor da Pele,Цвет кожи,Ten Rengi,
attribute.mii.head_shape,Head Shape,,Tvar Hlavy,Kopfform,Forma de la Cabeza,Pään muoto,Forme du visage,Forma del viso,顔の形,얼굴형,,Hoofdvorm,Kształt Głowy,Formato da Cabeça,Форма лица,Kafa Şekli,
attribute.mii.facial_feature,Facial Feature,,Obličejové Rysy,Gesichtsmerkmale,Rasgo Facial,Kasvojen ominaisuus,Élément facial,Caratteristiche facciali,顔立ち,얼굴 특징,,Gezichtseigenschap,,Características Faciais,Детали лица,Yüz Özelliği,
attribute.mii.irish_color,Eye Color,,Barva Očí,Augenfarbe,Color de los Ojos,Silmien väri,Couleur des yeux,Colore degli occhi,目の色,눈 색상,,Oogkleur,Kolor Oczu,Cor dos olhos,Цвет глаз,Göz Rengi,
attribute.mii.space_between,Spacing in between,,Rozteč Mezi Nimi,Abstand dazwischen,Espacio intermedio,Välitys,Espace entre deux éléments,Spaziatura nel mezzo,間隔,간격,,Tussenruimte,Miejsce Pomiędzy,Espaçamento entre,Пространство между глазами,Arası Boşluk,
attribute.mii.rotation,Rotation (Rotate Left/Right),,Rotace (Vleva/Vprava),Drehen (links/rechts),Rotación (Rotar Izq/Der),Kierto (vasen/oikea),Rotation (Gauche / Droite),Rotazione (Ruota a Sinistra/Destra),回転 (左/右に回転する),회전(반시계/시계 방향),,Rotatie (links/rechts),Obrót (Obróć Lewo/Prawo),Rotação (Rodar Esquerda/Direita),Поворот (влево/вправо),Çevir (Sağa/Sola Çevir),
attribute.mii.eyebrow_type,Eyebrow Type,,Typ Obočí,Augenbrauenform,Tipo de Cejas,Kulmakarvojen tyyli,Type de cils,Tipo di ciglia,眉毛の種類,눈썹 타입,,Wenkbrauw,Rodzaj Brwi,Tipo de Sobrancelhas,Тип бровей,Kaş Tipi,
attribute.mii.mustache_type,Mustache Type,,Typ Kníru,Bartform,Tipo de Bigote,Viiksityyli,Type de moustache,Tipo di baffi,口ひげの種類,콧수염 종류,,Snor,Rodzaj Wąsa,Tipo de Bigode,Тип усов,Bıyık Tipi,
attribute.mii.mustache_vertical_position,Mustache Vertical Position (Up/Down),,Vertikální Poloha Kníru (Nahoru/Dolů),Vertikale Bartposition (hoch/runter),Posición Vertical del Bigote (Arriba/Abajo),Viiksien pystysuuntainen sijainti,Position verticale de la moustache,Posizione verticale dei baffi (Su/Giù),口ひげの縦の位置 (上/下),콧수염 수직 위치(위/아래),,Verticale snorpositie (omhoog/omlaag),Pionowa Pozycja Wąsa (Góra/Dół),Posição Vertical do Bigode (Cima/Baixo),Усы по вертикали (вверх/вниз),Bıyık Dikey Konumu (Yukarı/Aşağı),
attribute.mii.mustache_size,Mustache Size,,Velikost Kníru,Bartgröße,Tamaño del Bigote,Viiksien koko,Taille de la moustache,Grandezza dei baffi,口ひげの大きさ,콧수염 크기,,Snorgrootte,Rozmiar Wąsa,Tamanho de Bigode,Размер усов,Bıyık Büyüklüğü,
attribute.mii.beard_type,Beard Type,,Typ Vousů,Bart-Typ,Tipo de Barba,Partatyyli,Type de barbe,Tipo di barba,ひげの種類,수염 타입,,Baard,Rodzaj Brody,Tipo de Barba,Тип бороды,Sakal Tipi,
attribute.mii.default_name,New Mii,,Nové Mii,Neues Mii,Nuevo Mii,Uusi Mii,John Doe,Nuovo Mii,新しいMii,새로운 Mii,,Nieuwe Mii,Nowy Mii,Novo Mii,Новый Mii,Yeni Mii,
attribute.status,Status,,Status,Status,Estado,Status,Status,Stato,状態,상태,,Status,Status,Estado,Статус,Durum,
attribute.priority,Priority,,Přednost,Priorität,Prioridad,Prioriteetti,Priorité,Priorità,優先度,우선도,,Prioriteit,Priorytet,Prioridade,Приоритет,Öncelik,
attribute.sort_by,Sort by,,Seřadit podle,Sortieren nach,Ordernar por,Järjestä,Trier par,Ordina per,並び替え,정렬,,Sorteren op,Sortuj Według,Organizar por,Отсортировать,Sıralama Tipi,
attribute.total_games_won,Total games won,,Celkem vyhraných her,Gesamte verlorene Rennen,Partidas ganadas,Kisoja voitettu yhteensä,Nombre de courses gagnées,Numero di partite vinte,勝利した総回数,총 승리 횟수,,Totaal gewonnen wedstrijden,Ilość wygranych gier,Total de jogos ganhos,Всего выиграно игр,Toplam kazanılan oyun,
attribute.total_games_played,Total games played,,Celkem zahraných her,Gesamte gewonnene Rennen,Partidas jugadas,Kisoja pelattu yhteensä,Nombre de courses faites,Numero di partite giocate,プレイした総回数,총 플레이 횟수,,Totaal gespeelde wedstrijden,Ilość zagranych gier,Total de jogos jogados,Всего сыграно игр,Toplam oynanan oyun,
attribute.vr_abbreviation,VR,,ZH,RP,,KP,PTS.C,PC,VR,VR,,rp.,OV*,CV,ГР,KP,
attribute.br_abbreviation,BR,,BH,W-Punkte,,TP,PTS.B,PB,BR,BR,,gp.,OB,CB Médio,БР,SP,
attribute.br_full,Battle Rating,,Bitevní Hodnocení,Wettkampf-Rang,,Taistelupisteet,Points Bataille,Punti Battaglia,バトルレーティング,배틀 레이팅,,Gevechtspunten,Ocena Bitewna,Classificação de Batalha,Боевой рейтинг,Savaş Puanı,
attribute.vr_full,Versus Rating,,Závodní Hodnocení,R-Punkte,,Kilpailupisteet,Points Course,Punti Corsa,バーサスレーティング,VS레이팅,,Racepunten,Ocena Versus*,Classificação Versus,Гоночный рейтинг,Karşılaşma Puanı,
attribute.description,Description,,Popis,Beschreibung,Descripción,Kuvaus,Description,Descrizione,説明,설명,,Omschrijving,Opis,Descrição,Описание,Açıklama,
attribute.images,Images,,Obrázky,Bilder,Imágenes,Kuvat,Images,Immagini,画像,이미지,,Afbeeldingen,Obrazy,Imagens,Изображения,Resimler,
attribute.likes,Likes,,Lajky,Likes,Me Gustas,Tykkäykset,J'aimes,Mi Piace,いいね,좋아요,,Vind-ik-leuks,Polubienia,Gostos,Лайки,Beğeniler,
attribute.views,Views,,Zhlédnutí,Aufrufe,Visitas,Näyttökerrat,Vues,Visualizzazioni,閲覧,보기,,Weergaven,Wyświetlenia,Visualizações,Просмотры,Görüntülenme,
attribute.downloads,Downloads,,Stažení,Downloads,Descargas,Lataukset,Téléchargements,Download,ダウンロード,다운로드,,Downloads,Pobrania,Downloads,Загрузки,İndirilenler,
attribute.mii_section.general,General,,Obecný,Allgemein,General,Yleiset,Général,Generale,一般,정보,,Algemeen,Ogólne,Geral,Основное,Genel,
attribute.mii_section.face,Face,,Obličej,Gesicht,Cara,Kasvot,Tête,Faccia,顔,얼굴,,Gezicht,Twarz,Cara,Лицо,Yüz,
attribute.mii_section.hair,Hair,,Vlasy,Haare,Pelo,Hiukset,Cheveux,Capelli,髪,머리카락,,Haar,Włosy,Cabelo,Волосы,Saç,
attribute.mii_section.eyebrows,Eyebrows,,Obočí,Augenbrauen,Cejas,Kulmakarvat,Cils,Ciglia,眉毛,눈썹,,Wenkbrauwen,Brwi,Sobrancelhas,Брови,Kaşlar,
attribute.mii_section.eyes,Eyes,,Oči,Augen,Ojos,Silmät,Oeil,Occhi,目,눈,,Ogen,Oczy,Olhos,Глаза,Gözler,
attribute.mii_section.nose,Nose,,Nos,Nase,Nariz,Nenä,Nez,Naso,鼻,코,,Neus,Nos,Nariz,Нос,Burun,
attribute.mii_section.lips,Lips,,Rty,Lippen,Labios,Huulet,Lèvres,Labbra,口,입술,,Lippen,Usta,Lábios,Губы,Dudaklar,
attribute.mii_section.glasses,Glasses,,Brýle,Brillen,Lentes,Silmälasit,Lunettes,Occhiali,メガネ,안경,,Bril,Okulary,Óculos,Очки,Gözlük,
attribute.mii_section.facial_hair,Facial Hair,,Vousy,Gesichtsbehaarung,Vello Facial,Naamakarvoitus,Pillosité faciale,Peli facciali,ひげ,수염,,Gezichtshaar,Zarost,Pelos Faciais,Усы и борода,Sakal Bıyık,
attribute.mii_section.mole,Mole,,Mateřské Znaménko,Leberfleck,Lunar,Luomi,Grain de beauté,Neo,ホクロ,점,,Moedervlek,Pieprzyk,Verruga,Родинка,Ben,
attribute.gender,Gender,,Pohlaví,Geschlecht,Género,Sukupuoli,Genre,Genere,性別,성별,,Geslacht,Płeć,Género,Пол,Cinsiyet,
attribute.gender_female,Female,,Žena,Weiblich,Mujer,Nainen,Femme,Femmina,女,여성,,Vrouw,Kobieta,Mulher,Мужской,Kadın,
attribute.gender_male,Male,,Muž,Männlich,Hombre,Mies,Homme,Maschio,男,남성,,Man,Mężczyzna,Homem,Женский,Erkek,
state.loading,Loading...,,Načítání...,Lädt...,Cargando...,Ladataan...,Chargement...,Caricando...,ロード中...,로딩 중...,,Laden...,Ładowanie...,A carregar...,Загрузка...,Yükleniyor...,
state.installing,Installing...,,Instalování...,Installiert...,Instalando...,Asennetaan...,Installation...,Installando...,インストール中...,설치 중...,,Installeren...,Instalowanie...,A instalar...,Установка...,Yükleniyor...,
state.updating,Updating...,,Aktualizování...,Aktualisieren...,Actualizando...,Päivitetään...,Mise à jour...,Aggiornando...,アップデート中...,업데이트 중...,,Updaten...,Aktualizowanie...,A atualizar...,Обновляем...,Güncelleniyor...,
state.config_not_finished,Config Not Finished,,Konfigurace Nedokončena,Installation nicht abgeschlossen,Ajustes sin terminar,Määritys kesken,Configuration non terminée,Configurazione non terminata,未設定,설정이 끝나지 않았습니다.,,Config niet voltooid,Konfiguracja nie zakończona,Config Não Terminada,Настройка не завершена,Yapılandırma Tamamlanmadı,
state.no_server,No Server,,Žádný server,Kein Server,No servidor,Ei palvelinta,Aucun Seveurs,Nessun server,サーバーがありません,서버 없음,,Geen server,Brak Serwera,Sem servidor,Нет сервера,Sunucu Yok,
state.unknown,Unknown,,Stav: Neznámý,Unbekannt,Desconocido,Tuntematon,Inconnu,Sconosciuto,不明,불명,,Onbekend,Nieznany,Desconhecido,Неизвестно,Bilinmiyor,
state.error,Error,,Chyba,Fehler,Error,Virhe,Erreur,Errore,エラー,에러,,Fout,Błąd,Erro,Ошибка,Hata,
state.warning,Warning,,Varování,Warnung,Aviso,Varoitus,Avertisemment,Avviso,警告,경고,,Waarschuwing,Ostrzeżenie,Aviso,Внимание,Uyarı,
state.success,Success,,Úspěch,Erfolgreich,Éxito,Onnistui,Succès,Successo,成功,성공,,Succes,Sukces,Sucesso,Успех,Başarı,
state.extracting,Extracting files...,,Extrahování souborů...,Dateien werden extrahiert...,Extrayendo archivos...,Puretaan tiedostoja...,Extraction des fichers...,Estraendo file...,ファイル展開中...,파일 추출중...,,Bestanden uitpakken...,Wyodrębnianie plików...,A extrair ficheiros...,Распаковываем файлы...,Dosyalar Çıkartılıyor...,
state.no_name,No name,,Žádné jméno,Kein Name,Sin nombre,Ei nimeä,Aucun nom,Nessun nome,Player,이름 없음,,Geen naam,Brak Nazwy,Sem nome,Нет имени,Ad yok,
state.no_license,No license,,Žádný účet,Keine Lizenz,Sin licencia,Ei ajokorttia,Aucun Permis,Nessuna patente,ライセンスなし,라이센스 없음,,Geen rijbewijs,Brak Licencji,Sem licença,Нет удостоверения,Lisans yok,
state.no_profiles,No profiles,,Žádné profily,Keine Profile,Sin perfiles,Ei profiileja,Aucun Profil,Nessun profilo,プロフィールなし,프로필 없음,,Geen profielen,Brak Profili,Sem perfil,Нет профилей,Profil yok,
state.custom,Custom,,Vlastní,Benutzerdefiniert,,Mukautettu,Personnalisé,Personalizzato,カスタム,커스텀,,Aangepast,Niestandardowe,Personalizado,Кастом,Özel,
state.installed,Installed,,Instalováno,Installiert,,Asennettu,Installé,Installato,インストール済み,설치 완료,,Geïnstalleerd,Zainstalowane,Instalado,Установлено,Yüklendi,
action.play,Play,,Hrát,Spielen,Jugar,Pelaa,Jouer,Gioca,プレイ,플레이,,Speel,Graj,Jogar,Играть,Oyna,
action.play_offline,Play Offline,,Hrát Offline,Offline spielen,Jugar en línea,Pelaa offline-tilassa,Jouer en Hors-Ligne,Gioca Offline,オフラインでプレイ,오프라인으로 플레이,,Speel offline,Graj Offline,Jogar offline,Играть офлайн,Çevrimdışı Oyna,
action.play_anyway,Play anyway,,,,,,,,,,,,,,,,
action.install,Install,,Nainstalovat,Installieren,Instalar,Asenna,Installer,Installa,インストール,설치,,Installeren,Instaluj,Instalar,Установить,Yükle,
action.update,Update,,Aktualizovat,Aktualisieren,Actualizar,Päivitä,Mettre à Jour,Aggiorna,アップデート,업데이트,,Updaten...,Aktualizuj,Atualizar,Обновить,Güncelle,
action.import,Import,,Importovat,Importieren,Importar,Tuo,Importer,Importa,インポート,불러오기,,Importeren,Importuj,Importar,Импортировать,İçe Aktar,
action.convert_to_patches,Convert to patches,,,,,Muunna paikkauksiksi,,,,,,,Konwertuj na poprawki,Converter para patches,,,
action.enable_all,Enable All,,Zapnout Vše,Alle aktivieren,Activar todo,Ota kaikki käyttöön,Tous Activer,Attiva Tutto,すべて有効,모두 활성화,,Alles inschakelen,Włącz wszystkie,Ativar tudo,Включить все,Hepsini Etkinleştir,
action.disable_all,Disable All,,Vypnout Vše,Alle deaktivieren,Desactivar todo,Poista kaikki,Tous Désactiver,Disattiva Tutto,すべて無効,모두 삭제,,Alles uitschakelen,Wyłącz wszystkie,Desativar tudo,Отключить все,Hepsini Devre Dışı Bırak,
action.rename,Rename,,Přejmenovat,Umbenennen,Renombrar,Nimeä uudelleen,Renommer,Rinomina,名前を変更する,개명,,Hernoemen,Zmień Nazwe,Mudar o nome,Переименовать,Yeniden Adlandır,
action.delete,Delete,,Smazat,Löschen,Borrar,Poista,Supprimer,Cancella,削除,삭제,,Verwijderen,Usuń,Apagar,Удалить,Sil,
action.open_folder,Open Folder,,Otevřít Složku,Ordner öffnen,Abrir folder,Avaa kansio,Ouvrir le dossier,Apri la cartella,フォルダを開く,폴더 열기,,Open map,Otwórz Folder,Abrir pasta,Открыть папку,Klasörü Aç,
action.edit,Edit,,Upravit,Bearbeiten,Editar,Muokkaa,Modifer,Modifica,編集,수정,,Bewerken,Edytuj,Editar,Редактировать,Düzenle,
action.cancel,Cancel,,Zrušit,Beenden,Cancelar,Peruuta,Annuler,Annulla,キャンセル,취소,,Annuleren,Anuluj,Cancelar,Отменить,İptal,
action.save,Save,,Uložit,Speichern,Guardar,Tallenna,Sauvegarder,Salva,保存,저장,,Opslaan,Zapisz,Guardar,Сохранить,Kaydet,
action.copy_friend_code,Copy Friend Code,,Kopírovat Kód Kamaráda,FC kopieren,Copiar clave de amigo,Kopioi kaverikoodi,Copier le Code Ami,Copia il Codice Amico,フレンドコードをコピー,친구 코드 복사,,Vriendcode kopiëren,Kopiuj Kod Przyjaciela,Copiar código de amigo,Скопировать код друга,Arkadaş Kodunu Kopyala,
action.export,Export,,Exportovat,Exportieren,Exportar,Vie,Exporter,Esporta,エクスポート,내보내기,,Exporteren,Eksportuj,Exportar,Экспортировать,Dışa Aktar,
action.apply,Apply,,Použít,Anwenden,Aplicar,Käytä,Appliquer,Applica,適用,적용,,Toepassen,Zastosuj,Aplicar,Применить,Uygula,
action.yes,Yes,,Ano,Ja,Si,Kyllä,Oui,Sì,はい,네,,Ja,Tak,Sim,Да,Evet,
action.no,No,,Ne,Nein,No,Ei,Non,No,いいえ,아니오,,Nee,Nie,Não,Нет,Hayır,
action.keep,Keep,,Nechat,Behalten,Mantener,Säilytä,Garder,Mantieni,維持,유지,,Behouden,Zostaw,Manter,Оставить,Sakla,
action.ok,Ok,,OK,Ok,Ok,Ok,Ok,Ok,OK,OK,,Oké,Okej,Ok,OK,Tamam,
action.revert,Revert,,Vrátit,Rückgängig machen,Deshacer,Palauta,Revenir en arrière,Ripristina,元に戻す,되돌리기,,Ongedaan maken,Przywróć,Reverter,Вернуть,Geri Al,
action.maybe_later,Maybe Later,,Možná Později,Vielleicht später,Talvez después,Myöhemmin,Peut être plus tard,Forse più tardi,また後で,다음번에,,Misschien later,Może Później,Talvez mais tarde,Позже,Belki Daha Sonra,
action.browse,Browse,,Prohlížet,Durchsuchen,Buscar,Selaa,Chercher,Cerca,探す,검색,,Zoeken,Przeglądaj,Procurar,Выбрать,Gözat,
action.view_mod,View Mod,,Zobrazit Mod,Mod ansehen,Mirar Mod,Näytä modi,Détail du Mod,Visualizza,Modを見る,모드 보기,,Bekijk mod,Zobacz Moda,Ver Mod,Просмотреть мод,Modu Görüntüle,
action.save_external_mii,"Add Mii to ""My Miis""",,"Přidat Mii do ""Moje Miiy“","Mii zu ""Meine Miis"" hinzufügen","Añadir Mii a ""Mis Miis""",Lisää Mii omiin Mii-hahmoihin,"Ajouter un Mii dans ""Mes Miis""","Aggiungi Mii a ""I Miei Mii""","Miiを""自分のMii""に追加する","""나만의 Mii""에 Mii 추가하기",,"Voeg Mii toe aan ""Mijn Mii's""","Dodaj Mii do ""Moje Mii""","Adicionar Mii aos ""Meus Miis""","Добавить Mii в раздел ""Мои Mii""","Mii'yi ""Benim Mii'lerim""'e ekle",
action.view_mii,View Mii,,Zobrazit Mii,Mii ansehen,Mirar Mii,Näytä Mii,Voir le Mii,Vedi Mii,Miiを見る,Mii 보기,,Bekijk Mii,Zobacz Mii,Ver Mii,Показать Mii,Mii'yi Görüntüle,
action.duplicate,Duplicate,,Duplikovat,Duplizieren,Duplicar,Monista,Dupliquer,Duplica,コピー,복사,,Dupliceer,Duplikuj,Duplicar,Дублировать,Çoğalt,
action.back,Back,,Zpět,Zurück,Atrás,Takaisin,Retour,Ritorna,戻る,뒤로 가기,,Terug,Wróć,Voltar,Назад,Geri,
action.unfavorite,Unfavorite,,Odebrat z Oblíbených,Entfavorisieren,Quitar de favoritos,Poista suosikeista,Retirer des favoris,Rimuovi dai Favoriti,お気に入り解除,즐겨찾기 해제,,Verwijder uit favorieten,Odulub,Tirar dos favoritos,Убрать из избранного,Favoriyi kaldır,
action.favorite,Favorite,,Dát do Oblíbených,Favorisieren,Hacer favorito,Suosikki,Favoris,Favorito,お気に入り,즐겨찾기,,Voeg toe aan favorieten,Ulubione,Adicionar aos favoritos,Избранное,Favorile,
action.view_room,View Room,,Zobrazit Místnost,Raum anzeigen,Mirar sala,Näytä huone,Voir la salle,Vedi la stanza,ルームを見る,방을 보기,,Bekijk kamer,Zobacz Pokój,Ver sala,Просмотреть комнату,Odayı Görüntüle,
action.recomp_nand_copy,Make a copy,,,,,,,,,,,,,,,,
action.recomp_nand_share,Use directly,,,,,,,,,,,,,,,,
action.link.discord,Talk to us!,,Mluvte s námi!,Rede mit uns!,¡Habla con nosotros!,Puhu meille!,Parlez-nous-en !,Parla con noi!,お問い合わせ,문의하기!,,Kom gezellig praten!,Pogadaj z nami!,Fala connosco!,Наш Discord-сервер,Bizimle İletişime Geçin!,
action.link.github,Source code,,Zdrojový kód,Quellcode,Codigo Fuente,Lähdekoodi,Code Source,Codice sorgente,ソースコード,소스 코드,,Source code,Kod źródłowy,Código-fonte,Исходный код,Kaynak Kodu,
action.link.support,Support us!,,Podpořte nás!,Unterstützt uns!,¡Apoyanos!,Tue meitä!,Supportez-nous !,Supportaci!,サポート,후원하기!,,Steun ons!,Wesprzyj nas!,Apoia-nos!,Поддержать нас,Bize Destek Olun!,
action.launch_dolphin,Launch Dolphin,,Spouštět Dolphin,Dolphin starten,Lanzar Dolphin,Käynnistä Dolphin,Lancer Dolphin,Lancia Dolphin,Dolphinを起動する,Dolphin 실행,,Dolphin opstarten,Uruchom Dolphin,Iniciar o Dolphin,Запустить Dolphin,Dolphin'i başlat,
action.randomize,Randomize,,Náhodně Rozdělit,Zufällig,Aleatorizar,Satunnaista,Aléatoire,Casuale,ランダム,랜덤,,Willekeurig,Losuj,Aleatorizar,Случайный,Rastgele Seç,
action.do_manually,Do manually,,Udělat ručně,Manuell durchführen,Hacer manualmente,Tee manuaalisesti,Faire manuellement,Fai manualmente,手動で行う,직접 하기,,Handmatig doen,Wykonaj ręcznie,Fazer manualmente,Сделать вручную,El ile yap,
action.gamebanana_page,Gamebanana page,,Stránka Gamebanana,Gamebanana-Seite,Página de Gamebanana,Gamebanana-sivusto,Page Gamebanana,Pagina di GameBanana,Gamebananaのページ,Gamebanana 페이지,,GameBanana-pagina,Strona Gamebanana,Página do GameBanana,Страница на GameBanana,Gamebanana Sayfası,
action.report,Report,,Nahlásít,Melden,Reportar,Ilmoita,Signaler,Segnala,報告する,신고,,Melden,Zgłoś,Reportar,Пожаловаться,Raporla,
action.un_install,Uninstall,,Odinstalovat,Deinstallieren,Desinstalar,Poista asennus,Désinstaller,Disinstalla,アンインストール,삭제,,Deïnstalleren,Odinstaluj,Desinstalar,Удалить,Yüklemeye Kaldır,
action.download_and_install,Download and Install,,Stáhnout a Nainstalovat,Herunterladen und Installieren,Descargar e Instalar,Lataa ja asenna,Télécharger et installer,Scarica ed installa,ダウンロードとインストール,다운로드 및 설치,,Download en installeren,Pobierz i Instaluj,Fazer Download e Instalar,Загрузить и установить,İndir ve Yükle,
action.view_custom_chars,View Custom Characters,,Zobrazit Vlastní Postavy,Benutzerdefinierte Charaktere ansehen,Ver Personajes Custom,Näytä mukautetut hahmot,Voir les caractères spéciaux,Vedi personaggi personalizzati,特殊記号を見る,커스텀 캐릭터 보기,,Speciale tekens tonen,Zobacz Niestandardowe Znaki,Ver Personagens Customizadas,Показать пользовательских персонажей,Özel Karakterleri Görüntüle,
action.submit,Submit,,Odeslat,Senden,Enviar,Lähetä,Soumettre,Invia,提出,보내기,,Bevestigen,Potwierdź,Submeter,Подтведрить,Gönder,
region.japan,Japan,,Japonsko,Japan,Japón,Japani,Japon,Giappone,日本,일본,,Japan,Japonia,Japão,Япония,Japonya,
region.europe,Europe,,Evropa,Europa,Europa,Eurooppa,Europe,Europa,ヨーロッパ,유럽,,Europa,Europa,Europa,Европа,Avrupa,
region.china,China,,Čína,China,China,Kiina,Chine,Cina,中国,중국,,China,Chiny,China,Китай,Çin,
region.south_korea,South Korea,,Jižní Korea,Südkorea,Corea del Sur,Etelä-Korea,Corée Du Sud,Corea del Sud,韓国,대한민국,,Zuid-Korea,Korea Południowa,Coreia do Sul,Южная Корея,Güney Kore,
region.taiwan,Taiwan,,Tchaj-wan,Taiwan,Taiwan,Taiwan,Taiwan,Taiwan,台湾,대만,,Taiwan,Tajwan,Taiwan,Тайвань,Tayvan,
region.america,America,,Amerika,Amerika,América,Amerikka,Amérique,America,アメリカ合衆国,아메리카,,Amerika,Ameryka,América,Америка,Amerika,
region.australia,Australia,,Austrálie,Australien,Australia,Australia,Australie,Australia,オーストラリア,호주,,Australië,Australia,Austrália,Австралия,Avustralya,
list_title.friends,Friends,,Kamarádi,Freunde,Amigos,Kaverit,Amis,Amici,フレンド,친구,,Vrienden,Przyjaciele,Amigos,Друзья,Arkadaşlar,
list_title.players,Players,,Hráči,Spieler,Jugadores,Pelaajat,Joueurs,Giocatori,プレイヤー,플레이어,,Spelers,Gracze,Jogadores,Игроки,Oyuncular,
list_title.rooms,Rooms,,Místnosti,Räume,Salas,Huoneet,Salles,Stanze,ルーム,룸,,Kamers,Pokoje,Salas não econtradas,Комнаты,Odalar,
list_title.miis,Miis,,Miiy,Miis,Miis,Miit,Miis,Mii,Mii,Mii,,Mii's,Mii,Miis,Mii,Mii'ler,
popup_title.mod_details,Mod Details,,,Details zur Mod,,Modin tiedot,Détails du mod,Dettagli della mod,Modの詳細,모드 세부사항,,Mod-details,Szczegóły Moda,Detalhes do mod,Описание мода,Mod Detayları,
popup_title.mod_browser,Mod Browser,,,Mod Browser,,Modiselain,Navigateur des mods,Ricercatore delle mod,Modブラウザー,모드 브라우저,,Mod-browser,Przeglądacz Modów,Navegador de mods,Браузер модов,Mod Gezgini,
popup_title.mii_selector,Mii Selector,,,Mii Auswähler,,Miin valinta,Sélection de Mii,Selettore Mi,Miiセレクター,Mii 셀렉터,,Mii-selector,Selektor Mii,Seletor Mii,Выбор Mii,Mii Seçici,
popup_title.mii_editor,Mii Editor,,,Mii Maker,,Mii-editori,Éditeur de Mii,Creatore Mii,Miiエディター,Mii 에디터,,Mii-editor,Edytor Mii,Editor Mii,Редактор Mii,Mii Düzenleyicisi,
popup_title.mii_carousel,Mii Carousel,,,Mii Preview,,Miin katselu,Vue d'ensemble du Mii,Visualizzatore Mii,Miiスライダー,Mii 슬라이더,,Mii-carrousel,,Carrosel Mii,Карусель Mii,Mii Görüntüleyicisi,
text.made_by_string,Made by: {$1} \n And {$2},,Vytvořili: {$1} \n a {$2},Erstellt von: {$1} \n und {$2},Hecho por: {$1} y {$2},Tehnyt: {$1}\n ja {$2},Fait par: {$1} \n et {$2},Fatto da: {$1} \n e {$2},作成者: {$1} \nと {$2},만든이: {$1} \n 과 {$2},,Gemaakt door {$1} \n en {$2},Stworzone przez: {$1} \n i {$2},Feito por: {$1} \n e {$2},Создатели: {$1}\nи {$2},Yapımcı: {$1} \n Ve {$2},
text.thanks_translators,Thanks a lot to all the translators:,,Díky moc všem překladatelům:,Vielen Dank an alle Übersetzer:,Muchas gracias a todos los traductores:,Suuret kiitokset kaikille kääntäjille:,Merci à tous les traducteurs:,Grazie a tutti i traduttori:,すべての翻訳者さんに感謝します:,모든 번역가 분들에게 감사드립니다:,,Hartelijk dank aan alle vertalers:,Dziękujemy bardzo wszystkim tłumaczą:,Muito obrigado a todos os tradutores:,Низкий поклон и спасибо переводчикам:,Tüm çevirmenlere çok teşekkür ederiz:,
text.wh_wz_translation_percentage,Translations for this language are {$1}% complete,,Překlady pro tento jazyk jsou z {$1}% kompletní,Übersetzungen für diese Sprache sind {$1}% abgeschlossen,La traducción de este idioma está a un {$1}%.,Tämän kielen käännökset ovat {$1} % valmiita.,La traduction pour cette langue est fini à {$1}%,Traduzioni per questa lingua sono complete al {$1}%,この言語の翻訳は{$1}%完了しています,해당 언어의 번역은 {$1}% 완료됐습니다.,,Vertalingen voor deze taal zijn {$1}% voltooid.,Tłumaczenie dla tego języka jest skończone w {$1}%,Traduções para esta língua estão {$1}% completas,Перевод на этот язык завершён на {$1}%,Bu dilin çevirileri {$1}% tamamlandı,
text.powered_gamebanana,Powered By GameBanana,,Poháněno společností GameBanana,Von GameBanana unterstützt,,Palvelun tarjoaa GameBanana,Contribué par GameBanana,Offerto da GameBanana,GameBananaによって提供されています,GameBanana 제공,,Mogelijk gemaakt door GameBanana.,Wsparci Przez Gamebanana,Contribuido pelo GameBanana,Моды из GameBanana,GameBanana tarafından,
text.language_translated_by,This language is translated by: {$1},,Tento jazyk překládá: {$1},Diese Sprache wurde übersetzt von: {$1},,Tämän kielen käännökset tarjoaa: {$1},Cette langue a été traduite par: {$1},Questa lingua è stata tradotta da: {$1},この言語はこれらの方が翻訳しました: {$1},해당 언어는 다음 분들이 번역하셨습니다: {$1},,Taal vertaald door: {$1},Ten język jest przetłumaczony przez: {$1},Esta língua é traduzida por: {$1},Авторы перевода: {$1},Bu dili çevirenler: {$1},
text.brsar_entry,{$1} entry {$2},,,,,,,,,,,,,{$1} entrada {$2},,,
text.brsar_entry_with_rwar,{$1} entry {$2} + RWAR,,,,,,,,,,,,,{$1} entrada {$2} + RWAR,,,
text.external_reference,External reference,,,,,Ulkoinen viite,,,,,,,,Referência externa,,,
text.external_reference_with_path,External reference: {$1},,,,,Ulkoinen viite: {$1},,,,,,,,Referência externa: {$1},,,
text.modified_archive_member,Modified archive member,,,,,,,,,,,,,Item do arquivo modificado,,,
text.new_archive_member,New archive member,,,,,,,,,,,,,Novo item do arquivo modificado,,,
text.whole_file_override,Whole-file override,,,,,,,,,,,,,Substituição do arquivo inteiro,,,
hover.players_online.0,There are currently no players online,,Právě nejsou žádní hráči online,Zurzeit sind keine Spieler online,No hay jugadores en línea,Ei pelaajia online-tilassa,Il n'y a actuellement aucun joueurs en ligne,Al momento non ci sono giocatori online,現在 オンラインのプレイヤーがいません,모두 오프라인이네요...,,Er zijn momenteel geen spelers online.,Nie ma żadnych graczy online,Não há jogadores online,Игроков в сети: 0,Şu anda çevrimiçi oyuncu yok.,
hover.players_online.1,There is currently 1 player online,,Právě je 1 hráč online,Zurzeit ist nur 1 Spieler online,Hay 1 jugador en línea,1 pelaaja on online-tilassa,Il y a actuellement 1 joueur en ligne,Al momento c'è 1 giocatore online,現在 オンラインのプレイヤーが 1人います,1 명의 친구가 온라인입니다,,Er is momenteel 1 speler online.,Jest 1 gracz online,Há 1 jogador online,Игроков в сети: 1,Şu anda çevrimiçi 1 oyuncu var,
hover.players_online.n,There are currently {$1} players online,,Právě jsou {$1} hráči online,Zurzeit sind {$1} Spieler online,Hay {$1} jugadores en línea,{$1} pelaajaa on online-tilassa,Il y a actuellement {$1} joueurs en ligne,Al momento ci sono {$1} giocatori online,現在 オンラインのプレイヤーが {$1}人います,{$1} 명의 친구가 온라인입니다,,Er zijn momenteel {$1} spelers online.,jest teraz {$1} graczy online,Há {$1} jogadores online,Игроков в сети: {$1},Şu anda çevrimiçi {$1} oyuncu var,
hover.rooms_online.0,There are currently no active rooms,,Momentálně nejsou žádné aktivní místnosti,Zurzeit gibt es keine aktiven Räume,No hay salas activas,Ei aktiivisia huoneita,Il n'y a actuellement aucune salles active,Al momento non ci sono stanze attive,現在 開いているルームがありません,활동 중인 방이 없습니다,,Er zijn momenteel geen kamers actief.,Nie ma żadnych aktywnych pokoi,Não há salas ativas,Активных групп: 0,Şu anda aktif oda yok,
hover.rooms_online.1,There is currently 1 room active,,Momentálně je aktivní 1 místnost,Zurzeit ist nur 1 Raum aktiv,Hay una sala activa,1 aktiivinen huone,Il y a actuellement 1 salle active,Al momento c'è 1 stanza attiva,現在 開いているルームが 1部屋あります,1 개의 방이 활동 중입니다,,Er is momenteel 1 kamer actief.,Jest 1 aktywny pokój,Há 1 sala ativa,Активных групп: 1,Şu anda 1 aktif oda var,
hover.rooms_online.n,There are currently {$1} rooms active,,Momentálně jsou aktivní {$1} místnosti,Zurzeit gibt es {$1} aktive Räume,Hay {$1} salas activas,{$1} aktiivista huonetta,Il y a actuellement {$1} salles active,Al momento ci sono {$1} stanze attive,現在 開いているルームが {$1}部屋あります,{$1} 개의 방이 활동 중입니다,,Er zijn momenteel {$1} kamers actief.,jest teraz {$1} aktywnych pokoi,Há {$1} salas ativas,Активных групп: {$1},Şu anda {$1} aktif oda var,
hover.friends_online.0,There are currently no friends online,,Právě nejsou žádní kamarádi online,Zurzeit sind keine Freunde online,No hay amigos en línea,Ei kavereita online-tilassa,Il n'y a actuellement aucun amis en ligne,Al momento non ci sono amici online,現在 オンラインのフレンドがいません,모두 오프라인이네요...,,Er zijn momenteel geen vrienden online.,żaden z twoich przyjaciół nie jest onllne,Não tens amigos online,Друзей в сети: 0,Şu anda çevrimiçi arkadaş yok,
hover.friends_online.1,There is currently 1 friend online,,Právě je 1 kamarád online,Zurzeit ist nur 1 Freund online,Hay 1 amigo en línea,1 kaveri on online-tilassa,Il y a actuellement 1 ami en ligne,Al momento c'è 1 amico online,現在 オンラインのフレンドが 1人います,1 명의 친구가 온라인입니다,,Er is momenteel 1 vriend online.,Jest teraz 1 przyjaciel online,Tens 1 amigo online,Друзей в сети: 1,Şu anda çevrimiçi 1 arkadaş var,
hover.friends_online.n,There are currently {$1} friends online,,Právě jsou {$1} kamarádi online,Zurzeit sind {$1} Freunde online,Hay {$1} amigos en línea,{$1} kaveria on online-tilassa,Il y a actuellement {$1} amis en ligne,Al momento ci sono {$1} amici online,現在 オンラインのフレンドが {$1}人います,{$1} 명의 친구가 온라인입니다,,Er zijn momenteel {$1} vrienden online.,Jest teraz {$1} przyjaciół online,Tens {$1} amigos online,Друзей в сети: {$1},Şu anda çevrimiçi {$1} arkadaş var,
hover.rooms_page_disclaimer,"Please note that this page does not offer any functionality to join a room directly.
To join a specific room, you'll need to either join through a friend, or hope to join it by joining the online servers.",,"Upozorňujeme, že tato stránka nenabízí žádnou funkci pro přímé připojení k místnosti.
Chceš-li se připojit ke konkrétní místnosti, budeš se muset buď připojit prostřednictvím kamaráda, nebo doufat, že se k ní připojíš připojením k online serverům.","Bitte beachte, dass diese Seite keine Funktion bietet, um dich mit einem Raum direkt zu verbinden.
Um einem bestimmten Raum beizutreten, musst du entweder über einen Freund treffen oder hoffen, ihm beizutreten, indem du in den Online-Servern beitrittst.","Atención. Esta pagina no tiene la funcionalidad de unirte a una sala directamente. Para unirte a una sala en especifico, necesitará unirse mediante un amigo, o con suerte, encontrando la sala en VS Mundial.","Huomioi, että tältä sivulta ei voi liittyä huoneeseen suoraan.
Liittyäksesi tiettyyn huoneeseen, se tulee tehdä joko kaverin kautta tai toivoa että pääset siihen liittymällä verkkopeliin.","Attention, cete page ne propose pas la possibilité de rejoindre la salle directement.
Pour rejoindre une salle spécifique, vous devez soit la rejoindre via un ami ou espérer de la rejoindre via les serveur en ligne.","Attenzione, questa pagina non offre alcuna funzionalità per unirsi ad una stanza direttamente.
Per unirsi ad una specifica stanza, dovrai farlo tramite un amico oppure sperare di unirti tramite i server online.","ルームに直接合流する機能はないことに注意してください。
特定のルームに参加するには、フレンドを通して合流するか、オンラインサーバーに参加して合流する必要があります。","주의) 해당 페이지에선 방에 직접 합류하는 기능은 없습니다.
특정 방에 들어가려면, 친구를 통해 들어가거나 온라인 서버에 가입하여 들어가야 합니다.",,"Let op dat deze pagina er niet voor kan zorgen om direct deel te nemen aan een kamer.
Om aan een specifieke kamer deel te nemen, moet je dit óf via een vriend óf via de online servers doen.","Prosze pamiętaj, że ta strona nie daje możliwości dołączenia prosto do pokoju. By dołączyć do specyficznego pokoju musisz dołączyć poprzez przyjaciela lub mieć nadzieje, że uda ci się połączyć poprzez losowy serwer.","Tem em conta que esta página não te oferece a funcionalidade de entrares  diretamente numa sala. Para entrares numa sala em específico, terás de entrar através de um amigo, ou então esperas que entres na sala ao entrares nos servers online","Вы не можете заходить в комнаты прямо через это меню. Чтобы зайти в определённую комнату, вам нужно либо зайти через друга, либо надеяться попасть в неё через онлайн сервера.","Lütfen bu sayfanın doğrudan bir odaya katılma işlevi sunmadığını unutmayın.
Belirli bir odaya katılmak için bir arkadaşınız aracılığıyla katılmanız veya çevrimiçi sunuculara katılarak bu odaya girmeyi ummanız gerekecek.",
hover.friends_page_disclaimer,To add friends you need to add them in-game.,,"Chceš-li přidat kamarády, musíš je přidat ve hře.",Um Freunde hinzuzufügen musst du sie innerhalb des Spiels registrieren,Para añadir a amigos necesitas añadirlos en el juego.,Kavereiden lisääminen täytyy tehdä pelin sisällä.,Ajouter des amis que vous voulez dans le jeu.,"Per aggiungere amici, devi farlo all'interno del gioco.",フレンドを追加するためにはゲーム内で追加する必要があります,친구 추가는 게임 내에서 추가해야 합니다.,,Om vrienden toe te voegen moet je ze in het spel toevoegen.,By dodać przyjaciół musisz ich dodać w grze,Para adicionar amigos precisas de adicioná-los dentro do jogo.,Чтобы добавить друга нужно сначала подружить,Arkadaş eklemek için onları oyunun içinde eklemeniz gerekiyor.,
hover.region_user_selection,This only shows regions YOU have played on,,"To ukazuje pouze regiony, ve kterých TY jsi hrál","Dies zeigt dir Regionen, in denen DU gespielt hast.",Esto solo muestra las regiones en las que TÚ has jugado.,"Näyttää vain alueet, joilla itse olet pelannut",Ceci montre les régions que VOUS avez jouez,Questo fa vedere solo le regioni in cui TU hai giocato,これはあなたがプレイした地域のみを表示します,플레이한 지역만 표시합니다.,,Dit toont alleen regio's waarop JIJ hebt gespeeld.,"To tylko pokazuje regiony, w których TY grałeś.",Isto só mostra regiões onde TU já jogaste.,,Bu sadece SİZİN oynadığıınız bölgeleri gösterir.,
hover.primary_profile,The primary profile is used as reference in the wheel wizard client,,Primární profil se používá jako reference v klientovi Wheel Wizard,Dein Hauptprofil wird als Vergleich im Wheel Wizard Client verwendet.,El perfil principal es usado como referencia en Wheel Wizard.,Pääprofiilia käytetään viitteenä Wheel Wizardissa,Le profil principal est utilisé en tant que référence dans Wheel Wizard,Il profilo primario è utilizzato come riferimento in Wheel Wizard,メインのプロファイルはWheel Wizardクライアントで参照されます,메인 프로필은 휠 위저드 클라이언트에서 참조됩니다.,,Het hoofdprofiel wordt gebruikt als referentie in Wheel Wizard.,,O perfil primário é usado como referência no cliente do Wheel Wizard.,,"Ana profil, Wheel Wizard için referans olarak kullanılır.",
empty_content.no_profiles,You have to play the game at least once in order to see your profiles listed here,,"Hru musíš hrát aspoň jednou, abys viděl tvé profily zde uvedené","Du musst das Spiel mindestens ein Mal gespielt haben, um deine Profile hier aufgelistet zu sehen.",Tienes que jugar el juego mínimo una vez para poder ver tus perfiles listados aca.,Sinun on pelattava peliä vähintään kerran nähdäksesi profiilisi listalla,Vous devez avoir lancé le jeu au moins une fois pour voir vos profils listé ici,Devi aver giocato almeno una volta per vedere la lista dei tuoi profili qui,ここにプロフィールを載せるには一度プレイする必要があります,게임을 한 번 이상 실행해야 프로필을 볼 수 있습니다.,,Je moet het spel minimaal één keer hebben gespeeld om hier jouw profielen te kunnen bekijken.,Musisz zagrać w gre przynajmniej raz by zobaczyć tu swoje profle,Tens de jogar o jogo pelo menos uma vez para poderes ver o teu perfil aqui escrito,"Ваши профили появятся здесь, как только вы сыграете хотя бы раз.",Profillerinizi burada görmek için oyunu en az bir kez oynamanız gerekiyor.,
empty_content.no_friends_title,No friends yet!,,Zatím žádní kamarádi!,Noch keine Freunde!,Aun no has agregado amigos,Ei kavereita vielä.,Pas d'amis pour le moment !,Ancora nessun amico!,まだフレンドがいません！,아직 친구가 없어요!,,Je hebt nog geen vrienden!,Brak przyjaciół!,Ainda não adicionaste amigos!,У вас еще нет друзей!,Henüz arkadaş yok!,
empty_content.no_friends,You can add friends in-game,,Můžeš přidat kamarádi ve hře,Du kannst Freunde im Spiel hinzufügen,Puedes añadir amigos dentro del juego,Voit lisätä kavereita pelissä,Vous pouvez ajouter vos amis in-game,Puoi aggiungere amici all'interno del gioco,ゲーム内でフレンドを追加できます,게임에서 친구를 추가 할 수 있습니다.,,Je kan vrienden in het spel toevoegen.,Możesz dodać przyjaciół w grze,Podes adicionar amigos dentro do jogo,Друзей можно добавить через игру,Oyunda arkadaş ekleyebilirsiniz,
empty_content.no_mods,Mods can alter how the game works. Start importing your first mod by clicking the button below.,,Mody mohou změnit fungování hry. Začni importovat tvůj první mod kliknutím na tlačítko níže.,"Mods können die Funktionsweise des Spiels verändern. Beginne mit dem Importieren deines ersten Mods, indem du auf die Schaltfläche unten klickst.",Los mods pueden alterar el funcionamiento del juego. Importa tus mods apretando en el botón de abajo,Modit voivat muuttaa pelin toimintoja. Tuo ensimmäinen modisi painamalla alla olevaa painiketta.,Les mods permettent de modifer comment le jeu va se comporter. Commencez à importer votre premier mod en cliquant sur le bouton en dessous.,Le mod possono alterare come funziona il gioco. Inizia importando la tua prima mod cliccando il pulsante sottostante.,Modでゲームを改変 (キャラクターの見た目など) できます。下のボタンを押してModのインポートを開始してください。,모드는 게임 작동 방식을 바꿀 수 있습니다. 모드를 불러오기 위해 아래 버튼을 클릭해 주세요.,,Mods kunnen de game aanpassen. Start met het importeren van jouw eerste mod door op de importeerknop te drukken.,Mody mogą zmienić jak gra działa. Zacznij importować swój pierwszy mod klikając przycisk poniżej.,Mods podem alterar o funcionamento do jogo.Começa a importar o teu primeiro mod clicando no botão abaixo,"С помощью модов можно изменять поведение игры. Чтобы импортировать свой мод, нажмите кнопку ниже.",Modlar oyunun işleyişini değiştirebilir. İlk modunuzu içe aktarmaya başlamak için aşağıdaki butona tıklayın.,
empty_content.no_mods_title,No mods found,,Nebyly nalezeny žádné mody,Keine Mods gefunden.,No se encontraron mods.,Modeja ei löytynyt,Pas de mods trouvés,Nessuna mod trovata,Modが見つかりませんでした,모드를 찾을 수 없습니다.,,Geen mods gevonden,Nie znaleziono modów,Mods não encontrados,Моды не найдены,Mod bulunamadı,
empty_content.no_rooms,"You might not have internet connection, or no-one might be playing.",,"Možná nemáš připojení k internetu, nebo nikdo nehraje.",Möglicherweise hast du keine Internetverbindung oder es spielt niemand.,"Puedes no tener conexión a internet, o que nadie esté jugando actualmente.",Sinulta joko puuttuu internet-yhteys tai kukaan ei ole pelaamassa tällä hetkellä.,Vous n'avez pas de connexion internet ou personne n'est en train de jouer.,Potresti non avere una connessione ad internet oppure nessuno sta giocando al momento.,インターネットに接続されていないか、誰もプレイしていない可能性があります。,"인터넷 연결이 끊어졌거나, 아무도 플레이하고 있지 않은 상태입니다.",,Het kan zijn dat je momenteel geen internetverbinding hebt of er is momenteel niemand aan het spelen.,Możesz nie mieć połączenia z internetem lub nikt teraz nie gra.,"Poderás estar sem conexão à internet, ou talvez ninguém esteja a jogar","Возможно, у вас нет подключения к Интернету, либо никто сейчас не играет.",İnternet bağlantınız olmayabilir veya kimse oyun oynamıyor olabilir.,
empty_content.no_rooms_title,No rooms found,,Nebyly nalezeny žádné místnosti,Keine Räume gefunden.,No se encontraron salas.,Huoneita ei löytynyt,Aucune salles trouvées,Nessuna stanza trovata,ルームが見つかりませんでした,방을 찾을 수 없습니다.,,Geen kamers gevonden,Nie znaleziono pokoi,Não se encontraram salas.,Комнаты не найдены,Oda bulunamadı,
empty_content.no_miis_title,No Miis yet!,,Zatím žádné Miiy!,Noch keine Miis erstellt!,No hay Miis todavía!,Ei Mii-hahmoja vielä.,Aucun Mii!,Ancora nessun Mii!,まだMiiがありません！,아직 Mii가 없어요!,,Je hebt nog geen Mii's!,Brak Mii!,Sem Miis ainda!,У вас еще нет Mii!,Şimdilik Mii yok!,
empty_content.no_miis,We can't read the Mii data from your system. Make sure you started the game at least once,,"Nemůžeme číst data Mii z tvého systému. Ujisti se, že jsi hru aspoň jednou spustil",Die Mii-Daten können nicht von deinem System aus geladen werden. Stelle sicher dass du dein Spiel mind. 1 Mal neu startest.,No podemos leer la información de Miis de tu sistema. Asegurate que hayas lanzado el juego al menos una vez.,"Mii-tietojen lukeminen järjestelmältäsi epäonnistui. Varmista, että olet käynnistänyt pelin ainakin kerran.",Nous ne pouvons pas lire les données du Mii de votre système. Veuillez vérifier que vous avez lancé le jeu au moins une fois,Non possiamo leggere i dati dei Mii dal tuo sistema. Assicurati che hai avviato il gioco almeno una volta,Miiのデータを読み込めません。必ず一度はゲームを起動してください。,Mii 데이터를 읽을 수 없습니다. 게임을 한 번 이상 실행하십시오.,,We kunnen de Mii-data van jouw systeem niet aflezen. Zorg ervoor dat je het spel minimaal één keer hebt gespeeld.,"Nie możemy odczytać danych Mii z twojego systemu. Upewnij sie, że uruchomiłeś gre przynajmniej raz",Não conseguimos ler os dados Mii do teu sistema. Certifica-te que já iniciaste o jogo pelo menos uma vez.,,Sisteminizden Mii bilgisini okuyamıyoruz. Oyunu en az bir kez başlattığınıza emin olun.,
empty_content.no_mod_selected_title,No mod selected,,Není vybrán žádný mod,Keine Mod ausgewähltt.,,Ei modia valittuna,Aucun mod sélectionné,Nessuna mod selezionata,Modが選択されていません,선택된 모드가 없습니다.,,Geen mod geselecteerd,Nie wybrano moda,Nenhum mod selecionado,Моды не выбраны,Hiçbir mod seçilmedi,
empty_content.no_mod_selected,Select a mod in the list to view its details,,Vyber mod v seznamu pro zobrazení jeho podrobností,Wähle eine Mod aus der Liste um mehr Details zu sehen.,,Valitse modi listalta nähdäksesi sen tiedot,Sélectionner un mod dans la liste pour voir ces détails,Seleziona una mod nella lista per vedere i suoi dettagli,リスト内のModを選択して詳細を表示します,모드를 선택해서 자세한 설명을 보세요,,Mod-naam,Wybierz moda na liście by zobaczyć jego szczegóły,Seleciona um modo na lista para ver os seus detalhes,"Выберите мод из списка, чтобы узнать подробности.",Detaylarını görmek için listeden bir mod seçin,
time.days.1,1 day,,1 den,1 Tag,1 día,1 pv,1 Jour,1 giorno,1日,1일,,1 dag,1 dzień,1 dia,1 день,1 gün,
time.days.n,{$1} days,,{$1} dny,{$1} Tage,{$1} días,{$1} pv,{$1} Jours,{$1} giorni,{$1}日,{$1}일,,{$1} dagen,{$1} dni,{$1} dias,{$1} дн.,{$1} gün,
time.hours.1,1 hour,,1 hodina,1 Stunde,1 hora,1 t,1 heure,1 ora,1時間,1시간,,1 uur,1 godz,1 hora,1 ч,1 saat,
time.hours.n,{$1}  hours,,{$1} hodiny,{$1} Stunden,{$1} horas,{$1} t,{$1} heures,{$1} ore,{$1}時間,{$1}시간,,{$1} uren,{$1} godz,{$1} horas,{$1} ч,{$1} saat,
time.minutes.1,1 minute,,1 minuta,1 Minute,1 minuto,1 min,1 minute,1 minuto,1分,1분,,1 minuut,1 min,1 minuto,1 мин,1 dakika,
time.minutes.n,{$1} minutes,,{$1} minuty,{$1} Minuten,{$1} minutos,{$1} min,{$1} minutes,{$1} minuti,{$1}分,{$1}분,,{$1} minuten,{$1} min,{$1} minutos,{$1} мин,{$1} dakika,
time.seconds.1,1 second,,1 sekunda,1 Sekunde,1 segundo,1 s,1 seconde,1 secondo,1秒,1초,,1 seconde,1 sek,1 segundo,1 сек,1 saniye,
time.seconds.n,{$1} seconds,,{$1} sekundy,{$1} Sekunden,{$1} segundos,{$1} s,{$1} secondes,{$1} secondi,{$1}秒,{$1}초,,{$1} secondes,{$1} sek,{$1} segundos,{$1} сек,{$1} saniye,
progress.estimated_time_remaining,Estimated time remaining:,,Předpokládaný zbývající čas:,Geschätzte verbleibende Zeit:,Tiempo restante estimado:,Arvioitu kestoaika:,Temps restant estimé:,Tempo stimato rimanente:,おおよその残り時間:,추정된 남은 시간:,,Geschatte resterende tijd:,Oszacowany pozostały czas.,Tempo restante estimado:,Осталось примерно:,Kalan Tahmini Süre:,
progress.downloading_mb,downloading {$1} MB,,Stahování {$1} MB,Herunterladen mit {$1} MB,Descargando {$1} MB,Ladataan {$1} Mt,Téléchargement de {$1} MB,Scaricando {$1} MB,{$1}MBをダウンロード中,{$1} MB 다운로드 중,,Downloaden van {$1} MB.,Pobieranie {$1} MB,A transferir {$1} MB,Загружено {$1} МБ,{$1} MB indiriliyor,
progress.installing_mods,Installing mods,,Instalování mody,Installiere Mods,Instalando mods,Asennetaan modeja,Installation de mods,Installando delle mod,Modをインストール,모드 설치,,Mods installeren,Instalowanie modów,Instalando mods,Устанавливаем моды,Modlar Yükleniyor,
progress.installing_mods_count,Installing {$1} mods,,Instalování {$1} mody,Installiere {$1} Mods,Instalando {$1} mods,Asennetaan {$1} modia,Installation de {$1} mods,Installando {$1} mod,{$1}個のModをインストール,{$1}개의 모드를 설치,,{$1} mods installeren,Instalowanie {$1} modów,Instalando {$1} mods,Устанавливаем {$1} модов,{$1} modları yükleniyor,
progress.processing_xof_y,Processing {$1} of {$2} files...,,,{$1} von {$2} Dateien werden verarbeitet...,Procesando {$1} de {$2} archivos...,Käsitellään {$1}/{$2} tiedostoa...,Traitement de {$1} sur {$2} fichiers,Processando file {$1} di {$2}...,{$2}個中{$1} 個のファイルを処理しています...,{$2}개 중 {$1} 개의 파일 진행중...,,Verwerken van {$1} uit {$2} bestanden...,Procesowanie {$1} z {$2} Plików,A processar {$1} de {$2} ficheiros...,Обработка {$1} из {$2} файлов...,{$1} dosyasından {$2} işleniyor...,
progress.update_rr,Updating Retro Rewind,,Aktualizování Retro Rewind,Retro Rewind wird aktualisiert,Actualizando Retro Rewind,Päivitetään Retro Rewindia,Mise à jour de Retro Rewind en cours...,Aggiornando Retro Rewind,Retro Rewindをアップデート,레트로 리와인드 업데이트 중,,Retro Rewind updaten,Aktualizowanie Retro Rewind,Atualizar Retro Rewind,Обновляем Retro Rewind,Retro Rewind Güncelleniyor,
progress.latest_wh_wz_github,Getting the latest Wheel Wizard from github releases,,,Beziehe die neueste Wheel Wizard-Version vom Github,Obteniendo la ultima versión de Wheel Wizard desde Github,Hankitaan uusinta Wheel Wizard -versiota GitHubista,Obtenez la dernière version de Wheel Wizard depuis Github,Ottenendo l'ultima versione di Wheel Wizard da GitHub,githubから最新のWheel Wizardを入手,최신 휠 위저드를 Github에서 받기,,Ophalen van de nieuwste Wheel Wizard van GitHub-releases.,,Obtendo a ultima versão do Wheel Wizard pelo github,Получаем последнюю версию Wheel Wizard из GitHub,Github sürümlerinden en son Wheel Wizard alınıyor,
progress.update_wh_wz,Updating Wheel Wizard,,Aktualizování Wheel Wizard,Wheel Wizard wird aktualisiert,Actualizando Wheel Wizard,Päivitetään Wheel Wizardia,Mise à jour de Wheel Wizard en cours...,Aggiornando Wheel Wizard,Wheel Wizardをアップデート,휠 위저드를 업데이트 중,,Wheel Wizard updaten,Aktualizowanie Wheel Wizard,Atualizar Wheel Wizard,Обновляем Wheel Wizard,Wheel Wizard güncelleniyor,
progress.installing_rr,Installing Retro Rewind,,Instalování Retro Rewind,Installiere Retro Rewind,Instalando Retro Rewind,Asennetaan Retro Rewindia,Installation de Retro Rewind,Installazione di Retro Rewind,Retro Rewindをインストール,레트로 리와인드 설치,,Retro Rewind installeren,Instalowanie Retro Rewind,Instalando Retro Rewind,Устанавливаем Retro Rewind,Retro Rewind Yükleniyor,
progress.installing_rr_first_time,Installing Retro Rewind for the first time,,Instalování Retro Rewind poprvé,Installiere Retro Rewind zum ersten Mal,Instalando Retro Rewind por primera vez,Asennetaan Retro Rewindia ensimmäistä kertaa,Installation de Retro Rewind pour la première fois,Installazione di Retro Rewind per la prima volta,Retro Rewindをインストール (初回),레트로 리와인드를 처음으로 설치,,Retro Rewind voor de eerste keer installeren.,Instalowanie Retro Rewind pierwszy raz,Instalando Retro Rewind pela primeira vez,Устанавливаем Retro Rewind в первый раз,Retro Rewind ilk kez yükleniyor,
progress.installing_dolphin,Installing Dolphin Emulator,,Instalování Dolphin Emulator,Installiere Dolphin Emulator,,Asennetaan Dolphin-emulaattoria,Installation de Dolphin Emulator,Installando l'emulatore Dolphin,Dolphinエミュレーターをインストール,돌핀 에뮬레이터를 설치 중,,Dolphin-emulator installeren,Instalowanie Emulatora Dolphin,A instalar o Dolphin Emulator,Установка эмулятора Dolphin,Dolphin Emulator yükleniyor,
progress.updating_dolphin,Updating Dolphin Emulator,,,,,,,,,,,,,,,,
progress.this_may_take_a_while,This may take a while depending on your internet connection.,,,Dies könnte eine Weile dauern je nach dem wie schnell dein Internet ist.,,Tässä voi kestää jonkin aikaa riippuen internet-yhteydestäsi.,Cela peut prendre plus de temps en fonction de votre connexion internet.,Ciò potrebbe richiedere un po' di tempo a seconda della tua connessione ad internet.,インターネットの状況によっては時間がかかる場合があります,인터넷 상태에 따라 시간이 걸릴 수 있습니다,,Dit kan mogelijk lang duren afhankelijk van jouw internetverbinding.,Może to zająć chwile zależnie od twojego połączenia z internetem.,"Isto pode demorar um pouco, dependendo na sua conexão de internet.",,"Bu, internetinize bağlı biraz uzun sürebilir.",
progress.applying_converted_mod,Applying converted mod,,,,,Sovelletaan muunnettu modi,,,,,,,Zastosowywanie skonwertowanych modów,A aplicar o mod convertido,,,
progress.combining_files,Combining files,,,,,Yhdistetään tiedostoja,,,,,,,Łączenie plików,Combinando ficheiros,,,
progress.converting_file,Converting {$1},,,,,Muunnetaan {$1},,,,,,,Konwertowanie {$1},A converter {$1},,,
progress.converting_files_count,Converting {$1} file(s),,,,,Muunnetaan {$1} tiedostoa,,,,,,,Konwertowanie {$1} Pliku(ów),A converter {$1} ficheiro(s),,,
progress.converting_mod_to_patches,Converting mod to patches,,,,,Muunnetaan modi paikkauksiksi,,,,,,,Konwertowanie modów na poprawki,A converter o mod para patches,,,
progress.downloading_mod,Downloading {$1},,,,,Ladataan {$1},,,,,,,Pobieranie {$1},A descarregar {$1},,,
progress.installing_mod,Installing Mod,,,,,Asennetaan modia,,,,,,,Instalowanie Moda,A instalar o mod,,,
progress.preparing_files_count,Preparing {$1} file(s),,,,,Valmistellaan {$1} tiedostoa,,,,,,,Przygotowywanie {$1} Pliku(ów),A preparar {$1} ficheiro(s),,,
progress.installing_recomp,Installing WiiCompiled,,,,,,,,,,,,,,,,
progress.updating_recomp,Updating WiiCompiled,,,,,,,,,,,,,,,,
progress.recomp_checking_release,Looking for the latest WiiCompiled release,,,,,,,,,,,,,,,,
progress.recomp_downloading_setup,Downloading the WiiCompiled installer,,,,,,,,,,,,,,,,
progress.recomp_running_setup,Running the WiiCompiled installer,,,,,,,,,,,,,,,,
progress.recomp_finished,WiiCompiled is ready to play,,,,,,,,,,,,,,,,
progress.recomp_copying_nand,Copying your Dolphin data,,,,,,,,,,,,,,,,
question.recomp_uninstall.title,Uninstall WiiCompiled?,,,,,,,,,,,,,,,,
question.recomp_uninstall.extra_shared,"This removes the WiiCompiled installation. Your saves stay in Dolphin's Wii folder, and Retro Rewind stays installed.",,,,,,,,,,,,,,,,
question.recomp_uninstall.extra_private,"This removes the WiiCompiled installation, including its private Wii save data. Retro Rewind stays installed.",,,,,,,,,,,,,,,,
question.recomp_uninstall.extra_copy,"This removes the WiiCompiled installation, including its copy of your Dolphin data. Your original Dolphin data is untouched, and Retro Rewind stays installed.",,,,,,,,,,,,,,,,
question.recomp_use_dolphin_nand.title,Use your Dolphin save data?,,,,,,,,,,,,,,,,
question.recomp_use_dolphin_nand.extra,"WiiCompiled can play with the saves, Miis and friend codes you already use in Dolphin. If not, it starts fresh with its own Wii data.",,,,,,,,,,,,,,,,
question.recomp_nand_mode.title,"Copy your Dolphin data, or use it directly?",,,,,,,,,,,,,,,,
question.recomp_nand_mode.extra,"Dolphin recommends against other programs using its Wii data (NAND) directly, since two programs writing to it at once can corrupt it. A copy keeps WiiCompiled completely separate, but progress made in one will not appear in the other.",,,,,,,,,,,,,,,,
question.launch_clear_mods_found.title,Mods found,,Nalezené mody,Mods gefunden,Se encontraron mods,Modeja löytyi,Mods trouvés,Mod trovate,Modが見つかりました,모드를 찾았습니다,,Mods gevonden,Znaleziono Mody,Mods não encontrados,Моды найдены,Modlar bulundu,
question.launch_clear_mods_found.extra,You are about to launch the game without any mods. Do you want to clear your my-stuff folder?,,Chystáš se spustit hru bez jakýchkoliv modů. Chceš vymazat složku my-stuff?,"Du bist dabei, das Spiel ohne Mods zu starten. Möchtest du deinen My Stuff ordner leeren?",Estas a punto de lanzar el juego sin ningún mod. ¿Quieres vaciar tu carpeta My-Stuff?,"Aiot käynnistää pelin ilman modeja.
Haluatko tyhjentää 'my-stuff'-kansiosi?","Vous êtes sur le point de lancer le jeu sans aucun mods.
Voulez vous supprimer votre dossier My-Stuff ? ","Stai per avviare il gioco senza alcuna mod.
Vuoi svuotare la tua cartella My-Stuff?","Modなしでゲームを起動しようとしています。
My Stuffフォルダーをクリアしますか？",아무런 모드를 적용하지 않은체 게임을 실행시키려 시도하고 있습니다. My Stuff 폴더를 비우시겠습니까?,,Je staat op het punt om het spel te starten zonder mods. Wil je de My Stuff-map leegmaken?,Zaraz uruchomisz grę bez żadnych modów. Czy chcesz wyczyścić twój my-stuff folder?,Tu estás prestes a abrir o jogo sem nenhum mod. Queres limpar a pasta my-stuff?,Прямо сейчас вы запускаете игру без модов. Желаете очистить папку my-stuff?,Mod olmadan oyunu başlatmak üzeresiniz. My-stuff klasörünüzü temizlemek ister misiniz?,
question.sure_delete.title,Are you sure you want to delete {$1}?,,Opravdu chceš smazat {$1}?,"Bist du sicher, dass du {$1} löschen möchtest?",¿Estas seguro que deseas borrar {$1}?,Haluatko varmasti poistaa '{$1}'?,Êtes-vous sûr de vouloir supprimer {$1} ?,Sei sicuro di voler cancellare {$1}?,{$1}を削除してもよろしいですか？,{$1}을/를 지우시겠습니까?,,Weet je zeker dat je {$1} wil verwijderen?,"Jesteś pewien, że chcesz usunąć {$1}?",Tens a certeza que desejas apagar {$1}?,Вы уверены что хотите удалить {$1}?,{$1}'i silmek istediğinizden emin misiniz?,
question.sure_delete.extra,Deleting is permanent and cannot be undone.,,Smazání je trvalé a není možné je vrátit zpět.,Löschen ist permanent und kann nicht rückgängig gemacht werden,Borrar es permanente y no se puede revertir.,Poistaminen on pysyvää eikä sitä voi perua.,La suppresion est permanente et ne peut pas être inversée.,L'eliminazione è permanente e non può essere recuperata.,削除は永久的であり、元に戻すことはできません,"삭제는 영구적이며, 되돌릴 수 없습니다",,Verwijderen is permanent en kan niet ongedaan worden gemaakt.,Usuwanie jest nie odwracalne.,A eliminação é permanente e não pode ser revertida.,Удаление является необратимым и не может быть отменено.,Silmek kalıcıdır ve geri alınamaz.,
question.sure_delete.title_miis,Are you sure you want to delete {$1} Miis?,,Opravdu chceš smazat {$1} Miiy?,"Bist du sicher, dass du {$1} Miis löschen möchtest?",¿Estas seguro que deseas borrar {$1} Miis?,Haluatko varmasti poistaa {$1} Miitä?,Êtes-vous sûr de vouloir supprimer {$1} Miis ?,Sei sicuro di voler cancellare {$1} Mii?,{$1}Miiを削除してもよろしいですか？,{$1}Mii를 삭제하시겠습니까?,,Weet je zeker dat je {$1} Mii's wil verwijderen?,"Jesteś pewien, że chcesz usunąć {$1} Mii?",Tem a certeza de que deseja apagar {$1} Miis?,"Вы уверены, что хотите удалить {$1} Mii?",{$1} tane Mii'yi silmek istediğinize emin misiniz?,
question.apply_scale.title,Do you want to apply the new scale?,,,Möchtest du die neue Skala anwenden?,¿Desea aplicar la nueva escala?,Haluatko ottaa uuden skaalan käyttöön?,Voulez-vous appliquez la nouvelle échelle ?,Vuoi applicare le nuove dimensioni?,新しいウィンドウサイズを適用しますか？,새로운 해상도를 적용하시겠습니까?,,Wil je de nieuwe schaal toepassen?,Czy chcesz zastosować nową skalę?,Gostarias de aplicar a nova escala?,Хотите применить новый масштаб?,Yeni ölçeği uygulamak istiyor musunuz?,
question.apply_scale.extra,This change will revert in {$1} unless you decide to keep the change.,,,"Diese Änderung wird in {$1} zurückgesetzt, außer du wendest die Änderung an.",Este cambio se revertira en {$1} a menos de que decidas de quedarte con este cambio.,"Muutos perutaan {$1} kuluttua, ellet aio pitää muutosta.",Cette modification va être rétablie dans {$1} sauf si vous choisissez de garder cette modification.,Questa modifica si ripristinerà in {$1} a meno che tu decida di mantenerla.,変更の保存を選択しないと、この変更は{$1}で変更前に戻ります,변경 사항 저장을 선택하지 않으면 변경 전인 {$1}로 돌아갑니다,,"Deze wijziging wordt over {$1} teruggedraaid, tenzij je ervoor kiest om de wijziging te behouden.","Ta zmiana zostanie cofnięta za {$1} może, że postanowisz ją zastosować.",Esta alteração será revertida em {$1} a menos que decida manter a alteração.,,Bu değişiklik onaylamadığınız takdirde {$1} içinde eski haline dönecek.,
question.move_data.title,Move Wheel Wizard data?,,,Wheel Wizard Daten verschieben?,,Siirretäänkö Wheel Wizardin tiedot?,,,,,,,Przenieść dane z Wheel Wizard?,Mover a data do Wheel Wizard?,,,
question.move_data.extra,Wheel Wizard will move its files to:\n{$1}\nThis may take a while depending on the amount of data.,,,Wheel Wizard wird seine Datein nach\n{$1}\nverschieben. Das könnte eine Weile dauern.,,Wheel Wizardin tiedostot siirretään sijaintiin:\n{$1}\nTässä saattaa mennä hetki riippuen tietojen määrästä.,,,,,,,Wheel Wizard przeniesie swoje pliki do:\n{$1}\n to może zająć chwile zależnie od ilości danych.,"O Wheel Wizard vai mover os seus ficheiros para :\n{$1}\nPode demorar bastante tempo, dependendo da quantidade de dados.",,,
question.dolphin_found.title,Dolphin Emulator Folder Found,,Nalezena Složka Dolphin Emulator,Dolphin Emulator Ordner gefunden,Carpeta del Emulador Dolphin encontrado,Dolphin-emulaattorin kansio löytyi,Dossier Dolphin Emulator trouvé,Cartella dell'Emulatore Dolphin trovata,Dolphinエミュレーターのフォルダーが見つかりました,돌핀 에뮬레이터 폴더를 찾았습니다,,Dolphin-emulator-map gevonden,Znaleziono folder Emulatora Dolphin,Pasta Do Dolphin Emulator Encontrada,Папка эмулятора Dolphin найдена,Dolphin Emulator Klasörü Bulundu,
question.dolphin_found.extra,"If you dont know what all of this means, just click yes :) \nDolphin Emulator folder found. Would you like to use this folder?",,,"Wenn du nicht weißt, was das alles bedeutet, klick einfach auf „Ja“ :) \nDolphin Emulator-Ordner gefunden. Möchtest du diesen Ordner verwenden?","Ante la duda, solo marque si\n. Carpeta del emulador Dolphin encontrado. ¿Desea usar esta carpeta?","Jos et tiedä, mitä kaikki tarkoittaa, paina vain 'Kyllä' :)\nDolphin-emulaattorin kansio löytyi. Haluatko käyttää tätä kansiota?","Si vous ne savez pas ce que tous cela veut dire, juste cliquez sur oui :) \nDossier Dolphin Emulator trouvé. Voulez-vous utilser ce dossier ? ","Se non sai cosa ciò vuol dire, clicca su sì :) \nCartella dell'Emulatore Dolphin trovata. Vuoi usare questa cartella?",意味がよく分からなければ、「はい」をクリックしてください。\nDolphinエミュレーターのフォルダーが見つかりました。このフォルダーを使用しますか？,"돌핀 에뮬레이터 폴더를 찾았습니다. 해당 폴더를 사용하시겠습니까? \n뭔 소린지 모르겠다면 그냥 ""네""를 누르세요 ^_^",,"Als je niet weet wat dit allemaal betekent, druk op ja :) \nDolphin-emulator-map gevonden. Wil je deze gebruiken?",Jeżeli nie wiesz co to wszystko znaczy poprostu naciśnij tak :) \nZnaleziono folder Emulatora Dolphin. Chciałbyś użyć ten folder?,"Se não sabes o que isto significa, clica só que sim :) \nPasta do Dolphin Emulator encontrada. Gostarias de usar esta pasta?","Если ты понятия не имеешь что это значит, просто нажми да :D \nПапка эмулятора Dolphin найдена. Хотите её использовать?","Eğer bunların ne anlama geldiğini bilmiyorsanız, evet diyebilirsiniz :) \nDolphin Emulator klasörü bulundu. Bu klasörü kullanmak ister misiniz?",
question.dolphin_outdated.title,Your Dolphin Emulator is out of date,,,,,,,,,,,,,,,,
question.dolphin_outdated.extra,"This version of Dolphin ({$1}) has a known security issue where malicious game files, mods, or cheating online players can infect your PC with malware.

Update to {$2} or newer to be safe.",,,,,,,,,,,,,,,,
question.dolphin_program_found.title,Dolphin Emulator Found,,,Dolphin Emulator gefunden,,,,,,,,,,,,,
question.dolphin_program_found.extra,"If you don't know what all of this means, just click yes :)

Dolphin Emulator found. Would you like to use this?",,,"Wenn du nicht weißt, was das alles bedeutet, klick einfach auf „Ja“ :)

Dolphin Emulator gefunden. Möchtest du Folgendes verwenden?",,,,,,,,,,,,,
question.new_version_wh_wz.title,Wheel Wizard Update Available,,,Wheel Wizard Update verfügbar,Actualización de Wheel Wizard disponible,Wheel Wizard -päivitys saatavilla,Mise à jour Wheel Wizard disponible !,Aggiornamento di Wheel Wizard disponibile,Wheel Wizardのアップデートがあります,휠 위저드의 새로운 업데이트가 있습니다.,,Wheel Wizard-update beschikbaar,Aktualizacja do Wheel Wizard dostępna,Atualização do Wheel Wizard Disponível,Доступно обновление Wheel Wizard,Wheel Wizard Güncellemesi Mevcut,
question.new_version_wh_wz.extra,Version {$1} of Wheel Wizard is available (currently on {$2}). Do you want to update now?,,,Version {$1} von Wheel Wizard ist verfügbar (derzeit für {$2}). Möchtest du jetzt updaten?,La version {$1} de WheelWizzard está disponible (Actualmente en {$2}). ¿Desea actualizar ahora?,Wheel Wizardin versio {$1} on saatavilla (nykyinen versio: {$2}). Haluatko päivittää heti?,La version {$1} de Wheel Wizard est disponible (Version actuelle: {$2}). Voulez-vous mettre à jour maintenant ?,La versione {$1} di Wheel Wizard è disponibile (al momento è {$2}). Vuoi aggiornare ora?,Wheel Wizardのバージョン{$1} (現在のバージョンは{$2}) が利用できます。すぐにアップデートしますか？,휠 위저드 최신 버전 {$1}이 있습니다.(현재 버전 {$2}). 업데이트 하시겠습니까?,,Versie {$1} van Wheel Wizard is beschikbaar (momenteel op {$2}). Wil je nu updaten?,Wersja {$1} Wheel Wizard jest dostępna (obecnie na {$2}). Chcesz aktualizować teraz?,Versão {$1} do Wheel Wizard está disponível (de momento encontra-se na versão {$2}). Queres atualizar agora?,Версия {$1} Wheel Wizard'а доступна (прямо сейчас. вы на {$2}). Хотите произвести обновление?,Wheel Wizard'ın {$1} sürümü mevcut (şu anda {$2}'de). Şimdi güncellemek ister misiniz?,
question.update_admin.title,Update using admin,,Aktualizovat pomocí admin,Update mit Admin,Actualizando usando administrador,Päivitä järjestelmänvalvojana,Mettre à jour en Administrateur,Aggiorna usando l'Amministratore,管理者権限で更新する,관리자 권한으로 업데이트,,Update met administrator,Aktualizuj używając uprawnień administratora,Atualiza usando administrador,Обновитесь через права администратора.,Yönetici kullanarak güncelle,
question.update_admin.extra,"Sometimes an update requires admin rights, do you want to active them for this update?",,Někdy aktualizace vyžaduje administrátorská práva. Chceš je pro tuto aktualizaci aktivovat?,Manchmal erfordert ein Update Adminrechte. Möchtest du sie für dieses Update aktivieren?,A veces una actualización requiere derechos de administrador. ¿Desea activarlo para esta actualización?,Joskus päivitys vaatii järjestelmänvalvojan oikeuet. Haluatko aktivoida ne tätä päivitystä varten?,"Des fois, une mise à jour demande les droits d'admin. Voulez-vous les activer pour cette mise à jour ? ","A volte un aggiornamento può richiedere diritti di amministratore, vuoi attivarli per questo aggiornamento?",アップデートには管理者権限が必要な場合があります。今回のアップデートで管理者権限を有効にしますか?,"가끔, 업데이트에는 관리자 권한이 필요합니다. 이 업데이트를 위해 활성화 하시겠습니까?",,Soms zijn er voor een update administratorrechten nodig. Wil je deze activeren voor deze update?,Czasami aktualizacja wymaga uprawnień administratora czy chcesz je aktywować dla tej aktualizacji?,Às vezes uma atualização requere direitos de administrador. Desejas usar direitos de administrador para esteja atualização?,"Иногда, для обновления нужны права администратора. Хотите ли вы их активировать ради этого обновления?","Bazen bir güncelleme yönetici hakları gerektirir, bu güncelleme için onları aktif etmek ister misiniz?",
question.reinstall_rr.title,Reinstall Retro Rewind,,Přeinstalovat Retro Rewind,Installiere Retro Rewind neu,Reinstalar Retro Rewind,Asenna Retro Rewind uudelleen,Réinstaller Retro Rewind,Reinstalla Retro Rewind,Retro Rewindの再インストール,레트로 리와인드 재설치,,Retro Rewind herinstalleren,Zainstaluj Retro Rewind ponownie,Reinstalar Retro Rewind,Переустановить Retro Rewind,Retro Rewind'ı yeniden yükle,
question.reinstall_rr.extra,Are you sure you want to reinstall Retro Rewind?,,Opravdu chceš reinstalovat Retro Rewind?,"Bist du dir sicher, dass du Retro Rewind neu installieren möchtest?",¿Estas seguro que quieres reinstalar Retro Rewind?,Haluatko varmasti asentaa Retro Rewindin uudelleen?,Êtes-vous sûr de vouloir réinstaller Retro Rewind ?,Sei veramente sicuro di voler reinstallare Retro Rewind?,Retro Rewindを再インストールしてもよろしいですか？,레트로 리와인드를 재설치하시겠습니까?,,Weet je zeker dat je Retro Rewind opnieuw wilt installeren?,"Jesteś pewien, że chcesz zainstalować Retro Rewind ponownie?",Tem a certeza de que deseja reinstalar o Retro Rewind?,"Вы уверены, что хотите переустановить Retro Rewind?",Retro Rewind'ı tekrar yüklemek istediğinize emin misiniz?,
question.old_rksys_found.title,Old rksys.dat found,,Starý rksys.dat nalezen,Alte rksys.dat gefunden,Antiguo rksys.dat encontrado,Vanha rksys.dat löytyi,Ancien rksys.dat trouvé,Un vecchio rksys.dat è stato trovato,古いrksys.datが見つかりました,오래된 rksys.dat이 발견됨,,Oude rksys.dat gevonden,Znaleziono stary plik rksys.dat,O antigo rksys.dat foi encontrado,Обнаружен старый rksys.dat,Eski rksys.dat bulundu,
question.old_rksys_found.extra,Old save data was found. Would you like to use it? (recommended),,,Alte Speicherdaten wurden gefunden. Möchtest Du sie benutzen? (Empfohlen),Se encontró data guardada antigua. ¿Desea usarla?,Vanhoja tallennustietoja löytyi. Haluatko käyttää sitä? (suositeltu),Une ancienne sauvegarde a été trouvée. Voulez-vous l'utiliser ? (Recommandé),Dei vecchi dati di salvataggio sono stati trovati. Vuoi usarli? (Consigliato),古いセーブデータが見つかりました。このセーブデータを使用しますか？(おすすめ),오래된 세이브 데이터가 발견됐습니다. 사용하시겠습니까?(사용 권장),,Oude spelgegevens zijn gevonden. Wil je deze gebruiken? (aanbevolen),Znaleziono stary zapis. Chciałbyś go użyć? (Zalecane),Foi encontrada uma gravação antiga. Queres usá-lá? (recomendado),Старые данные сохранения были найдена. Желаете их исполльзовать? (рекоммендовано),Eski kayıt verisi bulundu. Kullanmak ister misiniz? (önerilir),
question.rr_to_old.extra,Your version of Retro Rewind is too old to update. Would you like to reinstall Retro Rewind?,,Tvoje verze Retro Rewind je moc stará na aktualizaci. Chtěl bys znovu nainstalovat Retro Rewind?,Deine Version von Retro Rewind ist zu alt zum Aktualisieren. Möchtest du Retro Rewind neu installieren?,Tu versión de Retro Rewind es muy antigua para actualizar. ¿Desea reinstalar Retro Rewind?,Retro Rewind -versiosi on liian vanha päivittämiseen. Haluatko asentaa Retro Rewindin uudelleen?,"Votre version de Retro Rewind est trop vieille pour être mis à jour.
Voulez-vous réinstaller Retro Rewind ? ",La tua versione di Retro Rewind è troppo vecchia per essere aggiornata. Vuoi reinstallare Retro Rewind?,Retro Rewindのバージョンが古すぎるため更新できません。Retro Rewindを再インストールしますか？,설치된 레트로 리와인드가 너무 구버전입니다. 레트로 리와인드를 재설치하시겠습니까?,,Je versie van Retro Rewind is te oud om te updaten. Wil je Retro Rewind opnieuw installeren?,Twoja wersja Retro Rewind jest zbyt stara by ją aktualizować. Chcesz zainstalować Retro Rewind ponownie?,A tua versão do Retro Rewind é demasiado antiga par atualizar. Gostarias de reinstalar o Retro Rewind,Ваша версия Retro Rewind слишком устарела для обновлений. Хотите переустановить Retro Rewind?,Retro Rewind sürümünüz güncellemeye çok eski. Retro Rewind'ı yeniden yüklemek ister misiniz?,
question.rr_to_old.title,The Retro Rewind version is too old.,,Verze Retro Rewind je moc stará.,Retro Rewind-Version ist zu alt.,La version de Retro Rewind es muy antigua.,Retro Rewind -versio on liian vanha.,Votre version de Retro Rewind est trop vieille.,La versione di Retro Rewind è datata.,Retro Rewindのバージョンが古すぎます,레트로 리와인드의 버전이 너무 구버전입니다,,Retro Rewind versie is te oud.,Wersja Retro Rewind jest zbyt stara.,A versão do Retro Rewind é muito antiga.,Версия Retro Rewind слишком стара,Retro Rewind sürümü çok eski.,
question.rr_not_determined.title,Download Retro Rewind,,Stáhnout Retro Rewind,Installiere Retro Rewind,Instalar Retro Rewind,Lataa Retro Rewind,Télécharger Retro Rewind ,Scarica Retro Rewind,Retro Rewindをダウンロードする,레트로 리와인드 다운로드,,Retro Rewind downloaden,,Descarrega o Retro Rewind,Скачать Retro Rewind,Retro Rewind İndir,
question.rr_not_determined.extra,Your version of Retro Rewind could not be determined. Would you like to download Retro Rewind?,,Tvojí verzi Retro Rewind se nepodařilo určit. Chtěl bys si stáhnout Retro Rewind?,Deine Version von Retro Rewind konnte nicht ermittelt werden. Möchtest du Retro Rewind herunterladen?,No se pudo determinar tu versión de Retro Rewind. ¿Desea instalar Retro Rewind?,Retro Rewind -versiotasi ei voitu määrittää. Haluatko ladata Retro Rewindin?,"Votre version de Retro Rewind n'a pas pu être déterminée.
Voulez-vous installer Retro Rewind ? ",La tua versione di Retro Rewind non può essere determinata. Vuoi scaricare Retro Rewind?,Retro Rewindのバージョンを判別できませんでした。Retro Rewindを再インストールしますか？,설치된 레트로 리와인드 버전을 확인 할 수 없습니다. 레트로 리와인드를 다운로드 하시겠습니까?,,Je versie van Retro Rewind kon niet worden bepaald. Wil je Retro Rewind downloaden?,,A tua versão do Retro Rewind não pode ser determinada. Gostarias de instalar o Retro Rewind,Не удалось определить вашу версию Retro Rewind. Хотите установить Retro Rewind?,Retro Rewind sürümünüz belirlenemedi. Retro Rewind'ı indirmek ister misiniz?,
question.dolphin_flatpak.title,Dolphin Flatpak Installation,,Instalace Dolphin Flatpak,Dolphin Flatpak Installation,,Dolphin Flatpakin asennus,Installation de Dolphin Flatpak...,Installazione di Dolphin tramite Flatpak,Dolphin flatpakバージョンのインストール,돌핀 Flatpak을 설치했습니다,,Dolphin-Flatpak installeren,,Instalação do Dolphin Flatpak,,Dolphin Flatpak Yüklemesi,
question.dolphin_flatpak.extra,The Flatpak version of Dolphin Emulator does not appear to be installed. Would you like us to install it (for your own user)?,,,Die Flatpak Dolphin Version scheint nicht installiert zu sein. Möchtest du sie von uns installieren lassen (für deinen eigenen Benutzer)?,,"Dolphin-emulaattorin Flatpak-versio ei näytä olevan asennettuna. Haluatko, että asennamme sen vain omalle käyttäjätilillesi?",La version Flatpak de Dolphin Emulator ne semble pas être installée. Veuillez-vous qu'on vous l'installe ?,La versione Flatpak dell'emulatore Dolphin non sembra essere installata. Vuoi che venga installata per il tuo account?,Dolphinエミュレーターのflatpakバージョンがインストールされていないようです。私たちが（あなたのアカウントのみに）インストールしてもよろしいですか？,돌핀 에뮬레이터의 Flatpak 버전이 설치되지 않은 것 같습니다. 본인 계정에만 설치하시겠습니까?,,De Flatpak-versie van de Dolphin-emulator is niet geïnstalleerd. Installeer dit voor je eigen account?,,A versão Flatpak do Dolphin Emulator parece não estar instalada. Deseja que a instalemos (para a tua conta)?,,Bilgisayarınızda Dolphin Emulator'ın Flatpak sürümü bulunamadı. Yüklememizi ister misiniz? (kendi hesabın için),
question.install_mod.title,Do you want to donwload and install the mod: {$1}?,,Chceš stáhnout a nainstalovat mod: {$1}?,,,Haluatko ladata ja asentaa modin: {$1}?,Voulez-vous télécharger et installer le mod suivant: {$1} ?,Vuoi scaricare ed installare la mod: {$1}?,Modのダウンロードとインストールを行いますか: {$1}？,모드를 다운로드하고 설치하시겠습니까: {$1}?,,"Wil je de mod ""{$1}"" downloaden en installeren?",Czy chcesz pobrać i zainstalować mod: {$1}?,Pretende transferir e instalar o mod: {$1}?,Хотите установить этот мод: {$1}?,Modu indirip kurmak ister misiniz: {$1}?,
question.search_mod,Search for mods...,,Hledej mody...,Nach Mods suchen...,,Haetaan modeja...,Recherche de mods...,Cercando delle mod...,Modを検索しています...,모드를 검색합니다...,,Zoeken naar mods...,Szukaj modów...,Procura por mods...,Поиск модов...,Modları ara...,
question.enter_new_name.title,Enter new name,,Zadej nové jméno,Einen neuen Namen eingeben,,Anna uusi nimi,Entrez un nouveau nom,Inserisci il nuovo nome,新しい名前を入力してください,새로운 이름을 입력하세요,,Vul een nieuwe naam in,Wpisz nowe imię,Introduza um novo nome,Введите новое название,Yeni adı girin:,
question.enter_new_name.extra,Changing name from: {$1},,Změna jména z: {$1},Name von {$1} ändern,,Muutetaan nimeä: {$1},Changer le nom actuel à: {$1},Cambiando nome da: {$1},名前をこれから変更します: {$1},이름을 다음과 같이 변경합니다: {$1},,"Naam aan het veranderen van ""{$1}"".",Zmienianie imienia z: {$1},Alterando o nome de: {$1},,Ad değiştiriliyor. (Eski ad: {$1}),
question.enter_mod_name.title,Mod name:,,,,,Modin nimi:,,,,,,,Nazwa Moda:,Nome do mod:,,,
question.launch_clear_patches_found.extra,You are about to launch the game without mods. Do you want to clear your Patches folder? Launching your game anyways will launch it with the current patches folder still active!,,,,,Olet käynnistämässä pelin ilman modeja. Haluatko tyhjentää paikkauskansiosi? Pelin käynnistyy muuten nykyisen paikkauskansion ollessa aktiivinen.,,,,,,,Zaraz uruchomisz grę bez modów. Czy chcesz wyczyścić swój folder poprawek? Uruchamianie gry tak czy siak uruchomi ją z aktualnym folderem poprawek dalej aktywnym!,Está prestes a iniciar o jogo sem mods. Pretende limpar a pasta de Patches? Iniciar o jogo assim vai iniciá-lo com a atual pasta de patches ainda ativa!,,,
question.apply_language_settings.title,This will close the current window and open a new one with the new language settings.,,,Das jetzige Fenster wird sich schließen und ein neues wird sich mit den neuen Spracheinstellungen öffnen.,,Tämä sulkee ikkunan ja avaa uuden valitulla kieliasetuksella.,,,,,,,To zamknie obecne okno i otworzy nowe z nowymi ustawieniami językowymi.,Isto vai fechar a janela atual e abrir uma nova com as novas definições de linguagem.,,,
question.apply_language_settings.extra,Do you want to apply the new language settings?,,,Neue Spracheinstellungen anwenden?,,Haluatko ottaa uuden kieliasetuksen käyttöön?,,,,,,,Czy chcesz zastosować nowe ustawienia językowe?,Pretende aplicar as novas definições de linguagem?,,,
message_warning.not_find_dolphin.extra,"Could not find Dolphin Emulator, please set the path in settings",,"Nepodařilo se najít Dolphin Emulator, prosím nastav cestu v nastavení.",Der Dolphin Emulator konnte nicht gefunden werden. Bitte lege den Pfad in den Einstellungen fest.,No se encontró el Emulador Dolphin. Seleccione la ruta en ajustes.,Dolphin-emulaattoria ei löytynyt. Määritä sijaintipolku asetuksissa.,"N'a pas pu trouver Dolphin Emulator, veuillez choisir le chemin dans les paramètres","Non è stato possibile trovare l'Emulatore Dolphin, controlla l'indirizzo nelle impostazioni",Dolphinエミュレーターが見つかりませんでした。設定でパスを設定してください。,돌핀 에뮬레이터를 찾을 수 없습니다. 설정에서 경로를 지정해 주십시오.,,Kan Dolphin-emulator niet vinden. Geef eerst de locatie op bij de instellingen.,Nie można było znaleść Emulatora Dolphin prosze ustaw ścieżkę w ustawieniach,"O Dolphin Emulator não foi encontrado, por favor defina o caminho nas definições","Не удалось найти эмулятор Dolphin, пожалуйста, установите путь в настройках.","Dolphin Emulator bulunamadı, lütfen yolu ayarlarda belirleyin",
message_warning.not_find_game.extra,"Could not find the game, please set the path in settings",,"Nepodařilo se najít hru, prosím nastav cestu v nastavení.",Das Spiel konnte nicht gefunden werden. Bitte lege den Pfad in den Einstellungen fest.,No se encontró el juego. Seleccione la ruta en ajustes.,Peliä ei löytynyt. Määritä sijaintipolku asetuksissa.,"N'a pas pu trouver le jeu, veuillez chosir le chemin dans les paramètres","Non è stato possibile trovare il gioco, controlla l'indirizzo nelle impostazioni",ゲームファイルが見つかりませんでした。設定でパスを設定してください。,게임을 찾을 수 없습니다. 설정에서 경로를 지정해 주십시오.,,Kan het spelbestand niet vinden. Geef eerst de locatie op bij de instellingen.,Nie można było znaleść gry prosze ustaw ścieżkę w ustawieniach,"O jogo não foi encontrado, por favor defina o caminho nas definições","Не удалось найти игру, пожалуйста, установить путь в настройках.","Oyun bulunamadı, lütfen yolu ayarlarda belirleyin",
message_warning.multiple_files_selected.title,Multiple Files Selected,,Vybráno Více Souborů,Mehrere Dateien ausgewählt,Múltiples archivos seleccionados,Usea tiedosto valittuna,Plusieurs fichers sélectionnés,Più file selezionati,複数のファイルが選択されています,다수의 파일들이 선택됨,,Meerdere bestanden geselecteerd.,Wybrano Wiele Plików,Multiplos Ficheiros selecionados,Выбрано несколько файлов,Birden Fazla Dosya Seçildi,
message_warning.invalid_name.extra.mod_name_exists,A mod with the name '{$1}' already exists.,,Mod s jménem '{$1}' již existuje.,Eine Mod mit dem Namen '{$1}' existiert bereits.,Un mod con el nombre '{$1}' ya existe.,Modi nimellä '{$1}' on jo olemassa.,"Un mod avec le nom ""{$1}"" existe déjà",Una mod col nome '{$1}' esiste già.,「{$1}」というModは既に存在しています。,"""{$1}"" 이란 이름의 모드가 이미 존재합니다.",,"Er bestaat al een mod met de naam ""{$1}"".","Mod z nazwą ""{$1}"" już istnieje",Um mod com o  nome '{$1}' já existe,Мод с названием {$1} уже существует.,{$1}' adıyla zaten bir mod mevcut.,
message_warning.invalid_name.title,Name not possible.,,Jméno není možné.,Name nicht möglich.,Nombre no permitidio.,Nimi ei kelpaa.,Nom impossible.,Nome impossibile.,その名前にはできません,해당 이름은 사용할 수 없습니다,,Naam niet toegestaan.,Nazwa niedozwolona,Nome não permitido.,,Ada izin verilmiyor.,
message_warning.invalid_paths.extra,Please ensure all paths are correct and try again.,,"Zkontroluj prosím, zda jsou všechny cesty správné, a zkus to znovu.","Bitte stell es sicher, dass alle Pfade korrekt sind, und versuche es erneut.",Asegurese de que todas las rutas sean correctas y vuelvalo a intentar.,"Varmista, että kaikki polut ovat oikein ja yritä uudelleen.",Vérifiez bien si tous les chemins sont corrects et essayez à nouveau.,Assicurati che tutti gli indirizzi siano corretti e riprova.,すべてのパスが正しいことを確認して、もう一度お試しください。,모든 경로가 정확한지 확인한 후 다시 시도해 주십시오.,,Controleer of alle locaties correct zijn en probeer het opnieuw.,"Proszę się upewnij, że wszystkie ścieżki są poprawnę i spróbuj ponownie.",Por favor verifica que todos os percursos estão corretos e tenta outra vez.,"Убедитесь, что все пути правильны и попробуйте ещё раз.",Lütfen tüm yolların doğru olduğundan emin olun ve tekrar deneyin.,
message_warning.invalid_paths.title,Invalid Paths.,,Neplatné Cesty.,Ungültige Pfade,Rutas inválidas.,Virheelliset polut.,Chemin invalide,Percorsi non accettabili.,無効なパスです,잘못된 경로입니다,,Ongeldige locaties.,Niepoprawne ścieżki,Caminhos inválidos.,,Geçersiz yol.,
message_warning.dolphin_not_found.title,Dolphin Emulator Folder Not Found,,Složka Dolphin Emulator Nebyla Nalezena,Dolphin Emulator-Ordner nicht gefunden.,Carpeta del Emulador Dolphin no encontrada,Dolphin-emulaattorin kansiota ei löytynyt,Dossier Dolphin Emulator non trouvé,Cartella dell'Emulatore Dolphin non trovata,Dolphinエミュレーターのフォルダーが見つかりませんでした,돌핀 에뮬레이터 폴더를 찾지 못했습니다,,Dolphin-emulator-map niet gevonden.,Nie znaleziono folderu Emulatora Dolphin,Pasta Do Emulador Dolphin Não Encontrada,Папка эмулятора Dolphin не найдена,Dolphin Emulator Klasörü Bulunamadı,
message_warning.dolphin_not_found.extra,"Dolphin Emulator folder not automatically found. Please try and find the folder manually, click 'help' for more information.",,"Složka Dolphin Emulator nebyla automaticky nalezena. Zkus prosím složku najít ručně, klikni na 'Pomoc' pro více informací.","Der Ordner „Dolphin Emulator“ wurde nicht automatisch gefunden. Versuche bitte, den Ordner manuell zu finden. Für weitere Informationen einfach auf „Hilfe“ klicken.",La carpeta del Emulador Dolphin no se encontró automaticamente. Intentelo manualmente. Aprete 'Ayuda' para más información.,Dolphin-emulaattorin kansiota ei löytynyt automaattisesti. Yritä etsiä kansio mauaalisesti. Lisätietoa saat napsauttamalla 'Ohje'.,"Le dossier Dolphin Emulator n'a pas été automatiquement trouvé. Veuillez essayé de trouver le dossier manuellement, cliquez sur ""Aide"" pour plus d'information.","Cartella dell'Emulatore Dolphin non trovata automaticamente. Prova a trovare la cartella manualmente, clicca ""Aiuto"" per ulteriori informazioni.","Dolphinエミュレーターのフォルダーが自動では見つかりませんでした。
フォルダーを手動で見つけてください。詳細については「help」をクリックしてください。","돌핀 에뮬레이터 폴더를 자동으로 찾지 못했습니다. 폴더를 수동으로 찾아야 합니다. ""help""를 클릭해 자세한 설명을 보십시오.",,"De Dolphin-emulator-map is niet automatisch gevonden. Probeer de map handmatig te vinden. Klik op ""hulp"" voor meer informatie.","Folder Emulatora Dolphin nie został znaleziony automatycznie. Proszę spróbuj znaleść folder manualnie kliknij ""pomoc"" po więcej informacji","A pasta Do Emulador Dolphin não foi automáticamente encontrada. Por favor tente encontrar a pasta manualmente, clica em 'ajuda' para obter mais informação-","Папка эмулятора Dolphin не была найдена автоматически. Пожалуйста, попробуйте найти её самостоятельно. Для подробностей, нажмите на ""Помощь""","Dolphin Emulator klasörü otomatik olarak bulunamadı. Lütfen klasörü manuel olarak bulmayı deneyin, daha fazla bilgi için 'yardım'ı tıklayın.",
message_warning.dolphin_version_unverified.title,Could not verify your Dolphin Emulator version,,,,,,,,,,,,,,,,
message_warning.dolphin_version_unverified.extra,"Wheel Wizard could not read the version of the Dolphin Emulator you have configured, so it cannot tell whether it has the security fixes.

Please check yourself that you are on {$1} or newer. Older versions have a known security issue where malicious game files, mods, or cheating online players can infect your PC with malware.",,,,,,,,,,,,,,,,
message_warning.dolphin_tool_selected.title,Wrong Dolphin executable selected,,,Falsche Dolphin executable ausgewählt.,,Kelvoton Dolphinin käynnistystiedosto valittuna,,,,,,,Wybrano zły plik wykonywalny Dolphina,Executável incorreto do Dolphin selecionado.,,,
message_warning.dolphin_tool_selected.extra,You selected DolphinTool.exe. Please choose Dolphin.exe (the Dolphin emulator executable) instead.,,,"Du hast ""DolphinTool.exe"" ausgewählt. Bitte wähle stattdessen ""Dolphin.exe"" (die Dolphin Anwendung).",,Sinulla on DolphinTool.exe valittuna. Ole hyvä ja valitse Dolphin.exe (Dolphin-emulaattorin käynnistystiedosto) sen sijaan.,,,,,,,Wybrałeś DolphinTool.exe. Proszę wybierz Dolphin.exe (Plik wykonywalny Emulatora Dolphin) zamiast tego,Selecionou DolphinTool.exe. Por favor escolha Dolphin.exe (o executável do Dolphin Emulator).,,,
message_warning.fail_check_updates.title,Failed to check for updates,,Kontrola aktualizací se nezdařila,Die Suche nach Updates ist fehlgeschlagen.,Error al buscar actualizaciones,Päivitysten tarkistus epäonnistui,Échec de la vérification des mises à jour,Controllo aggiornamenti fallito,アップデートの確認に失敗しました,업데이트 확인 실패,,Zoeken naar updates mislukt.,Nie udało się sprawdzić dostępności aktualizacji,Falha ao procurar atualizações,Не удалось проверить обновления,Güncellemeleri kontrol etme başarısız oldu,
message_warning.fail_check_updates.extra,Can't check for updates right now. You might not be connected to the internet or the server might be down.,,Aktualizace není možné právě teď zkontrolovat. Možná nejsi připojeni k internetu nebo server může být mimo provoz.,Es ist nicht möglich gerade nach Updates zu suchen. Du bist vielleicht nicht mit dem Internet verbunden oder der Server hat gerade Schwierigkeiten.,No se pueden buscar actualizaciones en este momento. Es posible que no tengas conexión a internet o que el servidor esté inactivo.,Päivityksiä ei voi tarkistaa juuri nyt. Internet-yhteyttä ei ole tai palvelimessa on ongelma.,Impossibilité de vérifier les mises à jour actuellement. Vous n'êtes probablement pas connecté à internet ou le serveur est probablement en maintenance,Impossibile verificare gli aggiornamenti in questo momento. Potresti non avere una connessione ad internet oppure il server potrebbe essere offline.,現在アップデートを確認できません。インターネットに接続されていないか、サーバーがダウンしている可能性があります,업데이트를 확인 할 수 없습니다. 인터넷 연결이 끊어졌거나 서버가 다운된 상태일 수 있습니다,,Kan momenteel niet op updates controleren. Mogelijk heb je geen internetverbinding of de server is offline.,Nie udało się sprawdzić dostępności aktualizacji w tej chwili. Możesz nie być podłączony do internetu lub serwer może teraz nie działać.,Não é possível verificar se há atualizações no momento. Pode não estar conectado à internet ou o servidor pode estar indisponível ou em baixo.,,Şu an güncellemeler kontrol edilemiyor. İnternete bağlı olmayabilirsiniz veya sunucular çalışmıyor olabilir.,
message_warning.unable_update_wh_wz.extra.reason_network,Unable to check if Wheel Wizard is up to date. \nYou might be experiencing network issues.,,,"Es kann nicht überprüft werden, ob Wheel Wizard auf dem neuesten Stand ist. \nMöglicherweise treten derzeit Netzwerkprobleme auf.",Incapaz de confirmar la actualidad de su versión de Wheel Wizard.\n Podrías estar experimentando problemas de conexión.,"Ei voitu tarkistaa, onko Wheel Wizard ajan tasalla.\nSyynä saattaa olla verkkoyhteysongelmat.",Impossible de vérifier si Wheel Wizard est mis à jour. \nVous pourrez expérimenter des problèmes d'internet.,Impossibile verificare se Wheel Wizard è aggiornato. \nPotresti avere problemi di connessione.,Wheel Wizardが最新かどうか確認できません。\nネットワークの問題が発生している可能性があります。,휠 위저드의 버전을 확인할 수 없습니다. \n네트워크 문제가 발생했을 수 있습니다.,,Kan niet controleren of Wheel Wizard up-to-date is. \nEr zijn mogelijk netwerkproblemen.,Nie można sprawdzić czy Wheel Wizard jest na najnowszej wersji. \nMożesz mieć problem z internetem.,Impossível verificar se o Wheel Wizard está atualizado. \nTalvez estejas a experienciar problemas de net,"Не удалось проверить, обновлён ли Wheel Wizard до последней версии? \nВы возможно испытываете проблемы с подключеним.",Wheel Wizard'ın güncel olup olmadığını kontrol edilemedi. \nAğ sorunları yaşıyor olabilirsiniz.,
message_warning.unable_update_wh_wz.extra.reason_location,Unable to update Wheel Wizard. Please ensure the application is located in a folder that can be written to.\n Could not find current folder.,,,"Wheel Wizard kann nicht aktualisiert werden. Bitte stelle sicher, dass sich die Anwendung in einem Ordner befindet, in den geschrieben werden kann.\n Der aktuelle Ordner konnte nicht gefunden werden.",Incapaz de actualizar Wheel Wizard. Asegurate que la aplicación esta ubicada en una carpeta que se puede editar.\n No se encontró la carpeta actual.,"Wheel Wizardia ei voi päivittää. Varmista, että sovellus sijaitsee kansiossa, johon voi kirjoittaa tietoja.\nNykyistä kansiota ei löytynyt.",Impossible de mettre à jour Wheel Wizard. Veuillez bien vérifier que l'application se trouve dans un dossier qui peut être écrit. \n N'a pas pu trouver le dossier actuel.,Impossibile aggiornare Wheel Wizard. Assicurati che l'applicazione si trovi in una cartella con diritti di scrittura. \nNon è possibile trovare la cartella attuale.,Wheel Wizardが更新できません。アプリが書き込み可能なフォルダーにあることを確認してください。\n現在のフォルダーが見つかりません。,휠 위저드를 업데이트할 수 없습니다. 프로그램이 쓰기 가능한 폴더에 있는지 확인하십시오.\n현재 폴더를 찾을 수 없습니다.,,Wheel Wizard kan niet worden geüpdatet. Zorg ervoor dat de applicatie zich in een map bevindt waarnaar kan worden geschreven.\n Kan de huidige map niet vinden.,"Nie można zaktualizować Wheel Wizard. Proszę upewnij się, że aplikacja jest zlokalizowana w folderze, który ma możliwość zapisu.\n Nie można znaleść obecnego folderu.",Incapaz de atualizar o Wheel Wizard. Garante que a aplicação se encontra numa pasta que pode ser localizada.\n Falha a encontar a pasta atual,"Не удалось обновить Wheel Wizard. Пожалуйста убедитесь, что исполняемый файл находится в папке куда можно добавлять файлы.\n Не удалось найти текущую папку.",Wheel Wizard güncellenemedi. Uygulamanın erişilebilir bir klasörde bulunduğundan emin olun. \n İstenilen klasör bulunamadı.,
message_warning.unable_update_wh_wz.title,Unable to update Wheel Wizard.,,Není možné aktualizovat Wheel Wizard,Wheel Wizard konnte nicht aktualisiert werden.,No se pudo actualizar Wheel Wizard.,Wheel Wizardia ei voi päivittää.,Impossible de mettre à jour Wheel Wizard.,Impossibile aggiornare Wheel Wizard.,Wheel Wizardのアップデートを無効にする,휠 위저드를 업데이트 할 수 없습니다,,Wheel Wizard kan niet worden geüpdatet.,Nie można zaktualizować Wheel Wizard.,Não é possível atualizar o Wheel Wizard,Не удалось обновить Wheel Wizard.,Wheel Wizard güncellenemedi.,
message_warning.no_connect_server.extra,Could not connect to the server. Please try again later.,,Nepodařilo se připojit k serveru. Zkus to prosím znovu později.,Es konnte keine Verbindung zum Server hergestellt werden. Bitte versuche es später noch einmal.,No se pudo conectar al servidor. Intente de nuevo más tarde,Yhdistäminen palvelimelle epäonnistui. Yritä myöhemmin uudelleen.,N'a pas pu de se connecter au serveur. Veuillez réessayer plus tard.,Impossibile connettersi al server. Riprova più tardi.,サーバーに接続できませんでした。後でもう一度試してください。,서버에 연결할 수 없습니다. 잠시 후 다시 시도해 주십시오.,,Kan geen verbinding maken met de server. Probeer het later opnieuw.,Nie można połączyć się ze serwerem. Spróbuj ponownie później.,Falha ao conectar ao servidor. Tente de novo mais tarde,Не удалось подключиться к серверу. Попробуйте чуть позже.,Sunucuya bağlanılamadı. Lütfen daha sonra tekrar deneyin.,
message_warning.no_connect_server.title,Could not connect to the server,,Nepodařilo se připojit k serveru.,"Die Verbindung zum Server konnte nicht hergestellt werden,",No se pudo conectar al servidor.,Yhdistäminen palvelimelle epäonnistui.,N'a pas pu se connecter au serveur,Impossibile connettersi al server,サーバーに接続できませんでした,서버에 연결할 수 없습니다,,Kan geen verbinding maken met de server.,Nie można połączyć się ze serwerem,Não é possível conectar ao servidor.,,Sunucuya bağlanılamıyor.,
message_warning.cant_view_mod.title,Cannot view this mod.,,Tento mod není možné zobrazit.,Du kannst diese Mod nicht ansehen.,No se puede ver este mod.,Tätä modia ei voi näyttää,Impossibilité de voir ce mod.,Impossibile vedere questa mod.,このModは閲覧できません,이 모드를 볼 수 없습니다,,Kan deze mod niet weergegeven.,Nie można zobaczyć tego moda.,Não é possível ver este mod.,,Bu mod görüntülenemiyor,
message_warning.cant_view_mod.extra.something_else,Something went wrong when trying to open the selected mod.,,Při pokusu o otevření vybraného modu se něco pokazilo.,Etwas ist schief gelaufen beim Ansehen dieser Mod.,Se produjo un error al abrir el mod seleccionado.,Jokin meni pieleen avatessa valittua modia.,Quelque chose a échoué en essayant d'ouvrir le mod choisi.,Qualcosa è andato storto nel tentativo di aprire la mod selezionata.,選択されたModを開こうとした際に問題が発生しました,선택한 모드를 여는데 문제가 발생했습니다,,Er is iets misgegaan bij het openen van de geselecteerde mod.,Coś poszło nie tak próbując otworzyć wybrany mod.,Algo correu mal ao tentar abrir o mod selecionado.,,Seçilen modu açmaya çalışırken bir hata oluştu,
message_warning.cant_view_mod.extra.not_from_browser,Cannot view mod that was not installed through the mod browser.,,"Není možné zobrazit mod, který nebyl nainstalován prostřednictvím prohlížeče modů.",Die Mod die über den Mod Browser heruntergeladen wurde kann nicht angesehen werden.,No se puede ver mod que no fue instalado por el navegador de mods.,"Ei voida näyttää modia, jota ei ole asennettu modiselaimen kautta.",Impossibilité de voir un mod qui n'a pas été installé depuis GameBanana,Impossibile vedere una mod che non è stata installata tramite il browser delle mod.,ModブラウザーでインストールしていないModは閲覧できません,모드 브라우저를 통하지 않고 설치한 모드는 볼 수 없습니다,,"Kan mod, die niet is geïnstalleerd via de mod-browser, niet weergeven.","Nie można zobaczyć moda, który nie był zainstalowany poprzez Przeglądacza Modów.",Não é possível ver um mod que não foi instalado a partir do navegador de mods.,,Mod tarayıcısından indirilmemiş modlar görüntülenemez.,
message_warning.cannot_delete_fav_mii.title,Cannot delete favorite Mii(s),,Není možné odstranit oblíbené Mii(y),"Mii(s) die als Favorit markiert sind, sind nicht löschbar.",No se pueden borrar Miis en favoritos,Suosikki-Miitä ei voi poistaa,Impossibilité de supprimer des Mii en favoris.,Impossibile eliminare dei Mii favoriti.,お気に入りのMiiは削除できません,즐겨찾기 된 Mii는 삭제할 수 없습니다,,Kan favoriete Mii('s) niet verwijderen.,Nie można usunąć ulubionych Mii,Não é possível apagar Mii(s) favoritos,Не удалось удалить избранного(-ых) Mii,Favori Mii silinemiyor,
message_warning.cannot_delete_fav_mii.extra,One or more of the selected Mii(s) is a favorite. Miis can only be deleted if they are not favorites to prevent accidental deletions.,,"Jeden nebo více z vybraných Mii(y) je oblíbený. Miiy je možné smazat pouze v případě, že nejsou oblíbené, aby se zabránilo náhodnému smazání.",Ein oder mehrere der ausgewählten Mii(s) ist ein Favorit. Miis die als Favorit makiert wurden können nur gelöscht werden wenn sie nicht mehr Favorit sind um zu verhindern dass aus Versehen Löschungen geschehen.,Uno o más de los Miis está en favoritos. Los Miis solo pueden ser borrados si no está en favoritos para prevenir borrar Miis accidentalmente.,"Yksi tai useampi valituista Miistä on merkitty suosikiksi. Vahinkopoistojen välttämiseksi Miit voi poistaa vain, jos ne eivät ole suosikkeja.",Un ou plusieurs des Miis choisis sont en favoris. Les Miis peuvent être supprimés seulement s'ils ne sont pas en favoris pour éviter une suppression involontaire.,Uno o più dei Mii selezionati è favorito. I Mii possono solo essere eliminati se non sono favoriti per evitare cancellazioni involontarie.,選択したMiiのうち1体以上がお気に入りに設定されています。誤って削除してしまうのを防ぐため、お気に入りに設定されていないMiiのみ削除できます,하나 이상의 Mii가 즐겨찾기 되었습니다. 즐겨찾기 된 Mii는 실수로 삭제되는것을 막습니다. 삭제를 하고 싶으실 땐 즐겨찾기를 해제해 주세요,,"Eén of meer van de geselecteerde Mii's is een favoriet. Mii's kunnen alleen worden verwijderd als ze geen favoriet zijn, om onbedoelde verwijderingen te voorkomen.",Jeden lub więcej z zaznaczonych Mii jest ulubiony. Mii mogą być tylko usunięte jeżeli nie są z listy ulubionych by zapobiec przed przypadkowym usunięciem.,Um ou mais dos Mii(s) selecionados é um favorito. Miis só podem ser apagados se não forem favoritos de forma a prevenir que sejam apagados por engano.,,Seçilen bir ya da daha fazla Mii favori olarak ayarlanmış. Mii'ler favori iken yanlışlıkla silmeyi engellemek için silinemezler,
message_warning.mod_name_invalid.title,Mod name Invalid.,,Neplatný název modu.,Mod Name nicht gültig.,,Modin nimi on virheellinen.,Nom du mod invalide.,Il nome della mod non è valido.,Modの名前が無効です,잘못된 모드 이름입니다,,Mod-naam ongeldig.,Nieprawidłowa nazwa moda.,Nome do mod inválido.,,Mod adı geçersiz.,
message_warning.mod_name_invalid.extra,Mod name contains invalid characters.,,Název modu obsahuje neplatné znaky.,Mod Name kann keine ungültigen Zeichen beinhalten.,,Modin nimi sisältää virheellisiä merkkejä.,Le nom du mod contient des caractères invalides.,Il nome della mod contiene caratteri non validi.,Modの名前に無効な文字が含まれています,모드 이름에 사용할 수 없는 문자열이 사용됐습니다,,Mod-naam bevat ongeldige tekens.,Nazwa moda zawiera nieprawidłowe znaki.,Nome do mod contêm carateres inválidos.,,Mod adında geçersiz karakter bulunuyor.,
message_warning.mod_name_empty.title,Mod name can't be empty.,,Název modu nemůže být prázdný.,Mod-Name darf nicht leer sein.,No puede dejar el nombre del mod en blanco.,Modin nimi ei voi olla tyhjä.,Le nom du mod ne peut pas être vide,Il nome della mod non può essere vuoto.,Modの名前は空にできません,모드 이름을 공란으로 할 수 없습니다,,Mod-naam mag niet leeg zijn.,Nazwa moda nie może być pusta.,Nome do mod não pode estar em branco.,Название мода не может быть пустым.,Mod adı boş olamaz,
message_warning.mod_name_empty.extra,Please provide a mod name.,,"Prosím, uveď název modu.",Bitte gib einen Namn für die Mod ein.,,Anna modille nimi.,Veuillez écrire un nom pour le mod.,Dai un nome alla mod.,Modの名前を入力してください,모드 이름을 지어주세요,,Geef een mod-naam op.,Proszę podaj nazwe moda.,Indique um nome de mod.,,Lütfen bir mod adı girin.,
message_warning.unable_download_mod.title,Unable to download the mod,,Není možné stáhnout mod,Konnte die Mod nicht herunterladen.,,Modia ei voi ladata,Impossibilité de télécharger le mod,Impossibile scaricare la mod.,Modをダウンロードできません,모드를 다운로드 할 수 없습니다,,Downloaden van mod mislukt.,Nie można pobrać moda,Não é possível descarregar o mod,Не удалось загрузить мод,Mod indirilemedi.,
message_warning.unable_download_mod.extra,Files could not be found.,,Soubory se nepodařilo nalézt.,Dateien konnten nicht gefunden werden.,,Tiedostoja ei löytynyt.,Les fichiers n'ont pas été trouvés.,I file non sono stati trovati.,ファイルが見つかりませんでした,파일을 찾을 수 없습니다,,Bestanden konden niet worden gevonden.,Nie można znaleść plików.,Os ficheiros não foram encontrados.,Не удалось найти файлы.,Dosyalar bulunamadı.,
message_warning.could_not_convert_mod.title,Could not convert mod,,,,,Modia ei voitu muuntaa,,,,,,,Nie można skonwertować moda,Não foi possível converter o mod.,,,
placeholder.enter_mod_name,Enter mod name...,,Zadej jméno modu...,Gib Mod Namen ein...,,Anna modin nimi...,Entrez le nom du mod...,Inserisci il nome della mod...,Modの名前を入力してください...,모드 이름을 입력...,,Vul mod-naam in...,Wpisz nazwe moda...,Introduzir nome do mod...,Введите название мода...,Mod adı girin...,
placeholder.search_mod,Search for mods...,,Hledej mody...,Suche nach Mods...,,Hae modeja...,Recherche de mods...,Cerca delle mod...,Modを検索します...,모드를 찾는 중...,,Zoek voor mods...,Szukaj modów...,Pesquisa por mods...,Поиск модов...,Mod arayın...,
placeholder.enter_mii_name,Enter Mii name...,,Zadej jméno Mii...,Gib Mii Namen ein...,,Anna Miin nimi...,Entrez le nom du mii...,Inserisci il nome del Mii...,Miiの名前を入力してください...,Mii의 이름을 입력하세요...,,Vul Mii-naam in...,Wpisz imię Mii...,Introduzir nome do Mii...,Введите имя Mii...,Mii adı girin...,
placeholder.enter_text_here,Enter text here...,,Zadej text zde...,Gib Text ein...,,Kirjoita tähän...,Entrez un texte ici...,Inserisci qui del testo...,ここにテキストを入力してください...,여기에 텍스트를 입력하세요...,,Vul tekst in...,Wpisz tutaj tekst...,Introduzir texto...,Введите текст...,Metni buraya girin...,
placeholder.search_for_players,Search For Players...,,Hledej hráči...,Suche nach Spielern...,Buscando jugadores...,Hae pelaajia...,Recherche de joueurs...,Cerca giocatori...,プレイヤーを検索します...,플레이어 찾는 중...,,Zoek voor spelers...,Szukaj Graczy...,Pesquisa Por Jogadores...,Поиск игроков...,Oyuncuları Ara...,
placeholder.enter_path,Enter desired path here...,,Zadej požadovanou cestu zde...,Gewünschten Pfad hier eingeben...,Ingrese la ruta deseada...,Anna haluttu polku tähän...,Choisissez le chemin désiré ici...,Inserisci qui l'indirizzo desiderato...,希望のパスを入力してください...,원하는 경로를 입력하세요...,,Vul bestandslocatie in...,Podaj chcianą ścieżkę tutaj...,Introduz aqui o caminho desejado...,Вставьте сюда путь к файлу...,İstenen yolu buraya girin...,
message_error.no_mod_folder.extra,Mod folder does not exist,,Složka s mody neexistuje,Mod-Ordner existiert nicht.,No existe una carpeta de mods,Modikansiota ei ole olemassa,Le dossier du mod n'existe pas,La cartella della mod non esiste,Modフォルダーがありません,모드 폴더가 없습니다,,Mod-map bestaat niet.,Folder modów nie istnieje,A pasta do mod não existe,Папка с модами не существует,Mod klasörü mevcut değil,
message_error.data_folder_move.title,Failed to move data,,,Fehler beim Verschieben von Daten.,,Tietojen siirto epäonnistui,,,,,,,Nie udało się przenieść danych,Não foi possível mover os dados,,,
message_error.abort_rr.extra.failed_update_delete,Failed to delete files for the update. Aborting.,,Odstranění souborů pro aktualizaci se nezdařilo. Přerušení.,Dateien für das Update konnten nicht gelöscht werden. Abbruch.,Error al borrar archivos para la actualización. Cancelando,Tiedostojen poistaminen päivitystä varten epäonnistui. Perutaan.,Échec de la désinstallation de fichiers pour la mise à jour. Annulation,Fallito il cancellamento dei file dell'aggiornamento. Annullamento.,アップデートファイルの削除に失敗しました。中止しています。,"업데이트 파일 삭제 실패, 중단합니다.",,Het is niet gelukt om bestanden te verwijderen voor de update. Proces word afgebroken.,Nie udało się usunąć plików dla aktualizacji. Abortowanie.,Falha a apagar ficheiros para a atualização. Abortando.,Не удалось удалить файлы для обновления. Отменяем,Güncelleme dosyalarını silmek başarısız oldu. İşlem iptal ediliyor.,
message_error.abort_rr.extra.failed_update_apply,Failed to apply an update. Aborting.,,Aktualizace aplikace se nezdařila. Přerušení.,Das Update konnte nicht installiert werden. Abbruch.,Error al aplicar una actualización. Cancelando.,Päivityksen käyttöönotto epäonnistui. Perutaan.,Échec d'application de la mise à jour. Annulation.,Fallita l'applicazione di un aggiornamento. Annullamento.,アップデートの適用に失敗しました。中止しています。,"업데이트 적용 실패, 중단합니다.",,Het is niet gelukt om te updaten. Proces word afgebroken.,Nie udało się zastosować aktualizacji. Abortowanie,Falha a aplicar a atualização. Abortando.,Не удалось применить обновление. Отменяем.,Güncellemeyi uygulamak başarısız oldu. İşlem iptal ediliyor.,
message_error.abort_rr.extra.invalid_file_path,Invalid file path detected. Please contact the developers.\n Server error:  {$1},,,Ungültiger Dateipfad wurde erkannt. Bitte kontaktiere die Entwickler. \n Server-Fehler: {$1},Se detectó una ruta de archivo no válida. Contacte a los desarrolladores.\n Error del servidor: {$1},Virheellinen polku. Ota yhteyttä kehittäjiin.\n Palvelinvirhe: {$1},Chemin vers un fichier incorrect. Veuillez contacter les développeurs de Wheel Wizard.\n Erreur Serveur:  {$1},Incontrato un percorso file invalido. Contatta gli sviluppatori.\n Errore server: {$1},無効なファイルパスが検知されました。開発者に連絡してください。\n サーバーエラー:  {$1},잘못된 파일 경로가 감지됐습니다. 개발자에게 연락하세요.\n 서버 에러:  {$1},,Ongeldige bestandslocatie gedetecteerd. Neem contact op met de ontwikkelaars.\n Serverfout: {$1},Wykryto nieprawidłową ścieżkę do pliku. Proszę skontaktuj się z deweloperami.\n Błąd Serwera: {$1},Caminho de arquivo inválido detectado. Entra em contato com os desenvolvedores.\nErro do servidor: {$1},,Yanlış dosya yolu tespit edildi. Lütfen geliştiricilere bildirin.\n Sunucu hatası: {$1},
message_error.abort_rr.title,Aborting RR Update,,Přerušení Aktualizace RR,Über das RR Update,Abortando actualización de RR,Perutaan RR-päivitys,Anuller la mise à jour de RR,Annullando l'aggiornamento di RR,Retro Rewindのアップデートを中止,레트로 리와인드 업데이트 중단,,RR-update afgebroken.,Abortowanie aktualizacji Retro Rewind,A abortar o Update do RR.,,Retro Rewind güncellemesi iptal ediliyor,
message_error.restart_admin_fail.extra,Failed to restart with administrator rights.,,Restartování s právy administrátor se nezdařilo.,Neustart mit Admin-Rechten fehlgeschlagen.,Error al reinstalar con derechos de administrador.,Käynnistäminen järjestelmänvalvojan oikeuksilla epäonnistui.,Échec du redémarrage avec les droits d'administrateur.,Errore riavviando con diritti di amministratore.,管理者権限で再起動するのに失敗しました。,관리자 권한으로 재시작하는 데 실패했습니다.,,Het is niet gelukt om opnieuw op te starten met administratorrechten.,Nie udało się zrestartować z uprawnieniami administracyjnymi.,Falha ao reiniciar com direitos de administrador,Не удалось перезапуститься с правами администратора.,Yöneticilik haklarıyla yeniden başlatılamadı.,
message_error.generic_error.title,An error occurred.,,Došlo k chybě.,Ein Fehler ist aufgetreten.,Se produjo un error.,Tapahtui virhe.,Une erreur s'est produite.,È successo un errore.,エラーが発生しました,오류가 발생했습니다.,,Er is een fout opgetreden.,Wystąpił błąd.,Ocorreu um erro.,,Bir hata oluştu,
message_error.failed_create_mii_db.title,Failed to create Mii database,,Vytvoření databáze Mii se nezdařilo,Fehler beim Erstellen der Mii-Datenbank.,No se pudo crear la base de datos de Miis,Mii-tietokannan luominen epäonnistui,Échec de la création de la base de donnée des Miis,Creazione del catalogo dei Mii fallita,Miiの情報の作成に失敗しました,Mii 데이터베이스 작성에 실패했습니다.,,Creëren van Mii-database mislukt.,Nie udało się stworzyć bazy danych dla Mii,Falha ao criar a base de dados de Miis,Не удалось создать базу Mii.,Mii Veritabanı oluşturulamadı,
message_error.failed_change_name.title,Failed to change name,,Změna jména se nezdařila,Fehler beim Ändern des Namens.,No se pudo cambiar el nombre,Nimen vaihtaminen epäonnistui,Échec du changement de nom,Cambio del nome fallito,名前の変更に失敗しました,이름 변경을 실패했습니다,,Veranderen van naam mislukt.,Nie udało się zmienić imienia.,Falha ao alterar o nome,Не удалось изменить имя.,Ad değiştirme başarısız,
message_error.failed_change_mii.title,Failed to Change Mii,,Změna Mii se nezdařila,Fehler beim Ändern des Miis.,No se pudo cambiar el Mii,Miin vaihtaminen epäonnistui,Échec du changement de Mii,Cambio del Mii fallito,Miiの変更に失敗しました,Mii 변경을 실패했습니다,,Veranderen van Mii mislukt.,Nie udało się zmienić Mii,Falha ao alterar o Mii,Не удалось изменить Mii.,Mii değiştirme başarısız,
message_error.failed_install_dolphin.title,Failed to install Dolphin,,Instalace Dolphinu se nezdařila,Die Installation von Dolphin ist schiefgelaufen.,,Dolphinin asennus epäonnistui.,Échec de l'installation de Dolphin,Installazione di Dolphin fallita,Dolphinのインストールに失敗,돌핀 설치 실패,,Installeren van Dolphin mislukt.,Nie udało się zainstalować Dolphina,Falha ao instalar o Dolphin,,Dolphin yüklemesi başarısız oldu.,
message_error.failed_install_dolphin.extra,The installation of Dolphin Emulator failed. Please try manually installing Flatpak Dolphin.,,Instalace Dolphin Emulatoru se nezdařila. Zkus prosím ručně nainstalovat Flatpak Dolphin.,Die Installation von Dolphin ist schiefgelaufen. Versuche manuell eine Flatpak Dolphin Version herunterzuladen.,,Dolphin-emulaattorin asennus epäonnistui. Kokeile asentaa Flatpak Dolphin manuaalisesti.,L'installation de Dolphin Emulator a échoué. Veuillez essayer d'installer Flatpak Dolphin.,L'installazione dell'emulatore Dolphin è fallita. Riprova manualmente installando Dolphin usando Flatpak.,Dolphinエミュレーターのインストールに失敗しました。Dolphinのflatpakバージョンのインストールを手動で行ってみてください。,돌핀 에뮬레이터 설치에 실패했습니다. 직접 Flatpak 돌핀을 설치해주십시오.,,De installatie van de Dolphin-emulator is mislukt. Probeer handmatig Flatpak Dolphin te installeren.,Instalacja Emulatora Dolphin się nie powiodła. Proszę spróbuj manualnie zainstalować Dolphina poprzez Flatpak.,A instalação do Dolphin Emulator falhou. Por favor tenta instalar manualmente o Flatpak Dolphin.,,Dolphin Emulator yüklemesi başarısız oldu. Lütfen manuel bir şekilde Flatpak Dolphin'i yüklemeyi deneyin.,
message_error.failed_retrieve_mod.title,Failed to retrieve mod info,,Načtení informací o modu se nezdařilo,Es ist ein Fehler beim abrufen der Mod-Informationen aufgetreten.,,Modin tietojen noutaminen epäonnistui,Échec d'obtention des informations du mod,Recupero delle informazioni della mod fallito,Modの情報取得に失敗,모드 정보 불러오기 실패,,Ophalen van mod-informatie mislukt.,Nie udało się odzyskać informacji moda,Falha ao obter informações do mod,,Mod bilgisi alınamadı.,
message_error.mod_download_fail.title,Mod download failed.,,Stažení modu se nezdařilo.,Mod Download ist schiefgelaufen.,,Modin lataus epäonnistui.,Échec du téléchargement du mod.,Download della mod fallito.,Modのダウンロードに失敗しました,모드 다운로드 실패,,Downloaded van mod mislukt.,Nie udało się pobrać moda.,O download do mod falhou.,,Mod indirmesi başarısız oldu.,
message_error.mod_download_fail.extra,An error occurred during download: {$1},,Během stahování došlo k chybě: {$1},Ein Fehler ist während dem Dowload aufgetreten: {$1},,Ladattaessa tapahtui virhe: {$1},Une erreur s'est produite pendant le téléchargement du mod suivant: {$1},È successo un errore durante il download: {$1},ダウンロード中にエラーが発生しました: {$1},다운로드 중 오류가 발생했습니다: {$1},,Er is een fout opgetreden tijdens het downloaden van {$1}.,Wystąpił błąd podczas pobierania: {$1},Ocorreu um erro durante o download: {$1},,İndirme sırasında bir hata oluştu: {$1},
message_success.settings_saved.title,Settings saved successfully!,,Nastavení bylo úspěšně uloženo!,Einstellungen erfolgreich gespeichert!,Se guardaron correctamente los ajustes.,Asetukset tallennettu!,Paramètre sauvegarder avec succès !,Impostazioni salvate con successo!,設定が保存されました！,설정을 저장했습니다!,,Instellingen succesvol opgeslagen!,Ustawienia zapisane pomyślnie!,Definições guardadas com sucesso,Настройки успешно сохранены!,Ayarlar başarıyla kaydedildi!,
message_success.data_folder_moved.title,Data folder updated,,,Datenordner aktualisiert.,,Tietokansio päivitetty,,,,,,,Zaktualizowano folder danych,Pasta de dados atualizada.,,,
message_success.data_folder_moved.extra,Wheel Wizard data is now stored in:\n{$1},,,Wheel WIzard's Daten sind jetzt gespeichert in:\n{$1},,Wheel Wizardin tiedot sijaitsevat nyt kohteessa:\n{$1},,,,,,,Dane Wheel Wizard są teraz przechowywane w:\n{$1},Dados do Wheel Wizard são agora guardados em:\n{$1},,,
message_success.rr_up_to_date.title,Retro Rewind is up to date.,,Retro Rewind je aktuální.,Retro Rewind ist auf dem neuesten Stand.,Su versión de Retro Rewind es la última lanzada.,Retro Rewind on ajan tasalla.,Retro Rewind est bien à jour.,Retro Rewind è aggiornato.,Retro Rewindは最新です。,레트로 리와인드는 최신 버전입니다.,,Retro Rewind is up-to-date.,Retro Rewind jest na najnowszej wersji.,A tua versão do Retro Rewind é a mais recente,Retro Rewind на последней версии.,Retro Rewind güncel.,
message_success.mii_changed,Mii changed successfully,,Mii se úspěšně změnila,Mii erfolgreich geändert.,Mii cambiado con éxito,Mii vaihdettu!,Changement du Mii avec succès,Mii cambiato con successo,Miiが正しく変更されました,Mii 변경에 성공했습니다,,Mii succesvol veranderd.,Zmieniono Mii pomyślnie,Mii mudado com sucesso,,Mii başarıyla değiştirildi,
message_success.mod_converted_to_patches.title,Converted to patches,,,,,Muunnettu paikkauksiksi,,,,,,,Konwertuj na poprawki,Convertido para patches,,,
message_success.mod_installed.extra,Mod '{$1}' installed successfully.,,,,,Modi '{$1}' asennettu.,,,,,,,"Mod ""{$1}"" zainstalowany pomyślnie.",Mod '{$1}' instalado com sucesso.,,,
message_success.mod_installed.title,Successfully installed mod!,,,,,Modi asennettu!,,,,,,,Zainstalowano moda pomyślnie!,Mod instalado com sucesso!,,,
message_success.patch_conversion_result,Converted {$1} file(s) into {$2} patch file(s).,,,,,{$1} tiedostoa muunnettu {$2} paikkaustiedostoksi.,,,,,,,,{$1} Ficheiro(s) convertidos para {$2} ficheiro(s) de patch.,,,
message_success.patch_conversion_skipped,Left {$1} file(s) unchanged because they could not be converted.,,,,,"{$1} tiedostoa ei muutettu, koska niitä ei voitu muuntaa.",,,,,,,Zostawiono {$1} plik(i/ów) niezmienionych bo nie mogły być skonwertowane.,{$1} Ficheiro(s) inalterados pois não era possível serem convertidos.,,,
message_success.patch_conversion_notes,Note(s): {$1},,,,,Huomautus: {$1},,,,,,,,Nota(s): {$1},,,
snackbar_warning.cant_save_mii,Can't Save Mii,,Mii není možné uložit,Mii konnte nicht gespeichert werden,No se pudo guardar el Mii,Miitä ei voi tallentaa,Impossible de savegarder le Mii,Impossibile salvare il Mii,Miiを保存できません,Mii를 저장할 수 없습니다,,Kan Mii niet opslaan.,Nie można zapisać Mii,Não é possível guardar o Mii,Нельзя сохранить Mii,Mii kaydedilemiyor.,
snackbar_warning.no_mii_export,It seems there where no Miis to export,,"Zdá se, že tam nebyly žádné Miiy, které by bylo možné exportovat",Es gab keine Miis zum Exportieren.,Parece que no hay Miis para exportar,Vietäviä Miitä ei ole,Il semblerait qu'aucun Miis peuvent être exporter,Sembrano non esserci Mii da esportare,エクスポートできるMiiがなかったようです,추출할 수 있는 Mii가 없습니다,,Er zijn geen Mii's om te exporteren.,"Wygląda na to, że nie było żadnych Mii do eksportowania",Parece que não havia Miis para exportar,,Aktarılıcak Mii bulunamadı,
snackbar_warning.no_mii_delete,It seems there where no Miis to delete,,"Zdá se, že tam nebyly žádné Miiy, které by bylo možné smazat",Es gab keine Miis zum Löschen.,Parace que no hay Miis para borrar,Poistettavia Miitä ei ole,Il semblerait qu'aucun Miis peuvent être supprimer,Sembrano non esserci Mii da eliminare,削除するMiiが存在しないようです,삭제할 수 있는 Mii가 없습니다,,Er zijn geen Mii's om te verwijderen.,"Wygląda na to, że nie było żadnych Mii do usunięcia",Parece que não havia Miis para apagar,,Silinecek Mii bulunamadı.,
snackbar_success.mii_added,Mii has been added to your Miis,,Mii byl přidán do tvého Miiy,Mii zu deinen Miis hinzugefügt,Mii ha sido añadido a tus Miis,Mii on lisätty omiin Miihin,Le Mii a été ajouté a vos Miis,Un Mii è stato aggiunto ai tuoi favoriti,MiiはあなたのMiiに追加されました,당신의 Mii에 해당 Mii를 추가했습니다,,"Mii is toegevoegd aan ""Mijn Mii's"".",Mii został dodany do twoich Mii,Mii foi adicionado aos teus Miis,Mii добавлен в ваши Mii,"Mii, Mii'lerinize eklendi.",
snackbar_success.copied_fc,Copied friend code to clipboard,,Zkopírovaný kód kamaráda do schránky,Freundescode wurde in die Zwischenablage kopiert,Codigo de amigo copiado al portapapeles,Kaverikoodi kopioitu leikepöydälle,Code Ami copié dans le presse-papier,Copiato il codice amico negli appunti,クリップボードにフレンドコードをコピーしました,친구코드를 클립보드에 복사했습니다,,Vriendcode gekopieerd naar klembord.,Skopiowano kod przyjaciela do schowka,Código de amigo copiado para a área de transferência,Код друга сохранён в буфер обмена,Arkadaş kodu panoya kopyalandı.,
snackbar_success.name_change,Successfully changed name to '{$1}',,Úspěšně změněn jméno na '{$1}',Name erfolgreich zu '{$1}' geändert,Se cambió el nombre a '{$1}' con éxito,Nimeksi vaihdettiin '{$1}',Changement du nom en '{$1}' avec succès,Nome cambiato con successo in '{$1}',名前を'{$1}'に変更しました,이름을 '{$1}'으로 변경했습니다,,"Naam succesvol gewijzigd naar ""{$1}"".","Pomyślnie zmieniono imię na ""{$1}""",Nome alterado com sucesso para '{$1}',,"Ad, başarıyla yeni ada değiştirildi. '{$1}'",
snackbar_success.saved_mii,Saved Mii '{$1}' to file '{$2}',,Uloženo Mii '{$1}' do souboru '{$2}',Mii '{$1}' wurde als Datei '{$2}' gespeichert,Se guardó Mii '{$1}' a archivo '{$2}',Mii '{$1}' tallennettiin tiedostoon '{$2}',Mii '{$1}' sauvegardé au chemin suivant '{$2}',Salvato il Mii '{$1}' nel file '{$2}',Mii '{$1}'をファイル '{$2}'に保存しました,Mii ‘{$1}'을/를 파일 ’{$2}'에 저장했습니다,,"Mii ""{$1}"" is opgeslagen in het bestand ""{$2}"".","Zapisano Mii ""{$1}"" do pliku ""{$2}""",Mii '{$1}' salvado para o ficheiro '{$2}',Mii '{$1}' сохранён в '{$2}',Mii '{$1}' '{$2}' dosyasına kaydedildi.,
snackbar_success.deleted,Deleted '{$1}',,Smazáno '{$1}',{$1}' wurde gelöscht,Se borró '{$1}',{$1}' poistettu,Suppression de '{$1}',{$1}' cancellato,{$1}'を削除しました,{$1}'를 삭제했습니다,,"""{$1}"" verwijderd.","Usunięto ""{$1}""",Apagado '{$1}',{$1}' удалено,{$1}' silindi.,
snackbar_success.deleted_miis,Deleted {$1} Miis,,Smazáno {$1} Miiy,{$1} Miis wurden gelöscht,Se borraron {$1} Miis,{$1} Miitä poistettu,Suppression de {$1} Miis,Cancellati {$1} Mii,{$1}Miiを削除しました,다음의 '{$1}' Mii를 삭제했습니다,,{$1} Mii's verwijderd.,Usunięto {$1} Mii,{$1} Miis apagados,Удалено '{$1}' Mii,{$1}' Mii silindi,
snackbar_success.created_duplicate,Created duplicate of '{$1}',,,{$1} wurde dupliziert,Se creó una duplica de '{$1}',{$1}' kopioitu,Clonage de '{$1}',Creato il duplicato di '{$1}',{$1}'のコピーを作成しました,{$1}'를 복제했습니다,,"Kopie gemaakt van ""{$1}"".","Stworzono kopie ""{$1}""",Duplica de '{$1}' criada,Создан дубликат '{$1}',{$1}' nin kopyası oluşturuldu.,
snackbar_success.created_duplicates_miis,Created {$1} duplicate Miis,,,{$1} duplizierte Miis erstellt,Se creó {$1} duplicas de Miis.,{$1}' kopioitua Miitä luotu,Clonage de {$1} Miis,Creati {$1} Mii duplicati,{$1}Miiのコピーを作成しました,다음의 '{$1}' Mii를 복제했습니다,,{$1} kopieën gemaakt van Mii.,Stworzono {$1} kopi Mii,Criados '{$1}' Miis duplicados,Создано '{$1}' дубликатов Mii,{$1}' Mii kopyası oluşturuldu.,
snackbar_success.profile_set_primary,Set profile as primary,,Nastavit profil jako primární,Profil als Hauptprofil festlegen,Establecer perfil como principal,Aseta profiili ensisijaiseksi,Choisir ce profil en profil principal,Imposta il profilo come primario,プロファイルをメインに設定する,프로필을 메인으로 설정하기,,Profiel als hoofdprofiel geselecteerd.,Ustaw jako główny profil,Definir perfil como principal,Сделать профиль основным,Profil birincil olarak ayarlandı.,
snackbar_success.dolphin_updated,Dolphin Emulator has been updated,,,,,,,,,,,,,,,,
snackbar_error.mii_failure_deserialize,Failed to deserialize Mii '{$1}',,,Daten von Mii '{$1}' konnten nicht verarbeitet werden.,Se produjo un error al deserializar Mii '{$1}',Miin '{$1}' deserialisointi epäonnistui,Échec de la désérialisation du Mii '{$1}',Deserializzazione del Mii '{$1}' fallita,Mii '{$1}'の復元に失敗しました,Mii ‘{$1}’ 복원에 실패했습니다,,"Verwerken van Mii ""{$1}"" mislukt.",,Falha ao desserializar o Mii '{$1}',Не удалось импортировать Mii '{$1}',Mii '{$1}' işlenemedi.,
snackbar_error.mii_failure_update,Failed to update Mii '{$1}',,,Mii '{$1}' konnte nicht aktualisiert werden.,Se produjo un error al actualizar Mii '{$1}',Miin '{$1}' päivittäminen epäonnistui,Échec de mise à jour du Mii '{$1}',Aggiornamento del Mii '{$1}' fallito,Mii '{$1}'のアップデートに失敗しました,Mii ‘{$1}’ 업데이트를 실패했습니다,,"Updaten van Mii ""{$1}"" mislukt.","Nie udało się zaktualizować Mii ""{$1}""",Falha ao atualizar o Mii '{$1}',Не удалось обновить Mii '{$1}',Mii '{$1}' güncellenemedi.,
snackbar_error.mii_failure_save,Failed to save Mii '{$1}',,,Mii '{$1}' konnte nicht gespeichert werden.,Se produjo un error al guardar Mii '{$1}',Miin '{$1}' tallentaminen epäonnistui,Échec de savegarde du Mii '{$1}',Salvataggio del Mii '{$1}' fallito,Mii '{$1}'の保存に失敗しました,Mii ‘{$1}’ 저장에 실패했습니다,,"Opslaan van Mii ""{$1}"" mislukt.","Nie udało się zapisać Mii ""{$1}""",Falha ao guardar Mii '{$1}',Не удалось сохранить Mii '{$1}',Mii '{$1}' kaydedilemedi.,
snackbar_error.mii_failure_get,Failed to get Mii '{$1}',,,Mii '{$1}' konnte nicht abgerufen werden.,Se produjo un error al duplicar Mii '{$1}',Miin '{$1}' noutaminen epäonnistui,Échec d'obtention du Mii '{$1}',Ottenimento del Mii '{$1}' fallito,Mii '{$1}'の取得に失敗しました,Mii ‘{$1}’ 을/를 가져오는 데 실패했습니다,,"Verkrijgen van Mii ""{$1}"" mislukt.","Nie udało się zdobyć Mii ""{$1}""",Falha ao obter Mii '{$1}',Не удалось получить Mii '{$1}',Mii '{$1}' alınamadı.,
snackbar_error.mii_failure_serialize,Failed to serialize Mii '{$1}',,,Daten von Mii '{$1}' konnten nicht verarbeitet werden.,Se produjo un error al serializar Mii '{$1}',Miin '{$1}' serialistointi epäonnistui,Échec de la sérialisation du Mii '{$1}',Serializzazione del Mii '{$1}' fallita,Mii '{$1}'の変換に失敗しました,Mii ‘{$1}’ 변환에 실패했습니다,,"Omzetten van Mii ""{$1}"" mislukt.",,Falha ao serializar o Mii '{$1}',Не удалось экспортировать Mii '{$1}',Mii '{$1}' işlenemedi.,
snackbar_error.mii_failure_create,Failed to create Mii '{$1}',,,Mii '{$1}' konnte nicht erstellt werden.,Se produjo un error al producir Mii '{$1}',Miin '{$1}' luominen epäonnistui,Échec de la création du Mii '{$1}',Creazione del Mii '{$1}' fallita,Mii '{$1}'の作成に失敗しました,Mii ‘{$1}’ 생성에 실패했습니다,,"Creëren van Mii ""{$1}"" mislukt.","Nie udało się stworzyć Mii ""{$1}""",Falha ao criar o Mii '{$1}',Не удалось создать Mii '{$1}',Mii '{$1}' oluşturulamadı.,
snackbar_error.mii_failure_duplicate,Failed to duplicate Mii(s) '{$1}',,,Mii '{$1}' konnte nicht dupliziert werden.,Se produjo un error al duplicar Mii '{$1}',Miin '{$1}' kopioiminen epäonnistui,Échec du clonage des Miis '{$1}',Duplicazione del Mii '{$1}' fallita,Mii '{$1}'のコピーに失敗しました,Mii ‘{$1}’ 복제에 실패했습니다,,"Kopiëren van Mii ""{$1}"" mislukt.","Nie udało się skopiować Mii ""{$1}""",Falha ao duplicar Mii(s) '{$1}',Не удалось дублировать Mii '{$1}',Mii '{$1}' çoğaltılamadı.,
helper_note.name_must_between,Names must be between 3 and 10 characters long.,,Jména musí mít délku 3 až 10 znaků.,Namen müssen zwischen 3 und 10 Zeichen lang sein.,Los nombres tienen que tener entre 3 y 10 caracteres.,Nimien täytyy olla 3–10 merkkiä pitkä.,Les noms doivent être composés de 3 à 10 caractères.,I nomi devono essere lunghi tra i 3 e i 10 caratteri.,名前の長さは3文字から10文字にしてください,이름은 반드시 3~10자 내여야 합니다.,,Naam moet tussen de 3 en 10 tekens lang zijn.,Nazwy muszą mieć od 3 do 10 znaków.,Nomes tem de ter entre 3 a 10 caracteres.,Имена должны быть длиной от 3 до 10 символов.,Adın 3 ile 10 karakter arasında olması gerekiyor.,
helper_note.creator_name_less11,Creator name must be less than 11 characters long.,,Jméno tvůrce musí být kratší než 11 znaků.,Name des Ersteller muss weniger als 11 Zeichen lang sein.,El nombre del creador tiene que tener menos de 11 caracteres.,Tekijän nimen täytyy olla alle 11 merkkiä pitkä.,Le nom de l'auteur doit faire moins de 11 caractères.,Il nome dell'autore deve essere lungo al massimo 10 caratteri.,作成者の名前の長さは10文字以下にしてください,작성자 이름은 반드시 10자 이내여야 합니다.,,Naam moet korter dan 11 tekens zijn.,Nazwa twórcy musi mieć mniej niż 11 znaków.,,Имя создателя должно быть длиной в меньше 11 символов.,Yapımcı adı 11 karakterden kısa olması gerekiyor.,
helper_note.creator_name_less10,Creator name must be less than 10 characters long.,,Jméno tvůrce musí být kratší než 10 znaků.,Name des Ersteller muss weniger als 10 Zeichen lang sein.,El nombre del creador tiene que tener menos de 10 caracteres.,Tekijän nimen täytyy olla alle 10 merkkiä pitkä.,Le nom de l'auteur doit faire moins de 10 caractères.,Il nome dell'autore deve essere lungo al massimo 10 caratteri.,作成者の名前の長さは10文字以下にしてください,작성자 이름은 반드시 10자 이내여야 합니다.,,Naam moet korter dan 10 tekens zijn.,Nazwa twórcy musi mieć mniej niż 10 znaków.,Nome de criador tem de ter menos de 10 caracteres.,Имя создателя должно быть длиной в меньше 10 символов.,Yapımcı adı 10 karakterden kısa olması gerekiyor.,
file_picker.select_mod_file,Select Mod File,,,,,Valittu moditiedosto,,,,,,,Wybierz Plik Moda,,,,
patch.incompatible_mod.message,This mod is incompatible with other mods. Launching with this mod enabled may cause incorrect behavior or crashes. Consider converting it to patches by right-clicking the mod.,,,,,Tämä modi on yhteensopimaton muiden modien kanssa. Pelin käynnistäminen tämän modin kanssa voi aiheuttaa virheellistä toimintaa tai kaatumisia. Harkitse modin muuntamista paikkauksiksi napsauttamalla sitä hiiren oikealla painikkeella.,,,,,,,Ten mod jest niekompatybilny z innymi modami. Uruchamianie gry z tym modem może spowodować niepoprawne zachowanie albo nagłe wyłączenie gry. Rozważ skonwertowanie go na poprawki poprzez klikanie na moda prawym przyciskiem myszy.,,,,
patch.incompatible_mod.title,INCOMPATIBLE MOD,,,,,YHTEENSOPIMATON MODI,,,,,,,MOD NIEKOMPATYBILNY,,,,
warning.brsar_external_count,{$1} BRSAR file entries are external references and cannot be exported.,,,,,,,,,,,,,,,,
warning.brsar_file_id_external,BRSAR fileId {$1} is an external file reference and cannot be exported.,,,,,,,,,,,,,,,,
warning.brsar_file_id_unsupported_magic,"BRSAR fileId {$1} changed, but it resolves to {$2} and Pulsar only supports RBNK/RSEQ/RWSD loose overrides.",,,,,,,,,,,,,,,,
warning.brsar_file_id_unresolved,BRSAR fileId {$1} could not be resolved to a supported embedded sound file.,,,,,,,,,,,,,,,,
warning.brsar_no_supported_differences,No supported RBNK/RSEQ/RWSD differences were found against the built-in game baseline.,,,,,,,,,,,,,,,,
warning.brsar_unresolved_count,{$1} embedded BRSAR file entries could not be resolved confidently.,,,,,,,,,,,,,,,,
warning.brsar_unsupported_summary,Only RBNK/RSEQ/RWSD entries can be exported. The scanned archive also contains {$1}.,,,,,,,,,,,,,,,,
warning.file_deletion_not_exportable,{$1} exists only in the original archive. File deletions are not exportable as loose patches.,,,,,,,,,,,,,,,,
warning.file_name_differs_from_archive_tag,"The selected file name differs from the original archive tag ""{$1}.szs"".",,,,,,,,,,,,,,,,
warning.file_not_in_built_in_baseline,{$1} is not present in the built-in game baseline.,,,,,,,,,,,,,,,,
warning.no_szs_differences,No SZS differences were found against the built-in game baseline.,,,,,,,,,,,,,,,,
warning.szs_matches_baseline,The selected SZS matches the built-in game baseline exactly.,,,,,,,,,,,,,,,,
warning.unsupported_loose_override_extension,"{$1} uses an unsupported loose override extension (.kcl, .kmp, .slt).",,,,,,,,,,,,,,,,
warning.whole_file_baseline,This SZS is stored as a whole-file baseline. Exporting a whole-file override.,,,,,,,,,,,,,,,,
option.wh_wz_language,Wheel Wizard Language,,Jazyk Wheel Wizard,Wheel Wizard Sprache,Idioma de Wheel Wizard,Wheel Wizardin kieli,Langue de Wheel Wizard,Lingua di Wheel Wizard,Wheel Wizardの言語,휠 위저드(Wheel Wizard) 언어,,Wheel Wizard-taal,Język Wheel Wizard,Idioma do Wheel Wizard,Язык Wheel Wizard,Wheel Wizard Dili,
option.force_disable_wiimote,Force Disable Wiimote,,,Wiimote ausschalten erzwingen,Forzar a desactivar Wiimote,Pakota Wiimote pois käytöstä,Forcer la désactivation des Wiimotes,Disattiva forzatamente i Wiimote,Wiiリモコンを強制的に無効にする,위모트 강제 비활성,,Forceer uitschakelen Wii-afstandsbediening,Zmuś Wyłączenie Wiimota,Força a desativar o Wiimote,Принудительно выключить Wii Remote,Wiimote'u Zorla Devre Dışı Bırak,
option.launch_with_dolphin,Launch Game With Dolphin Window,,,Starte das Spiel mit dem Dolphin Fenster zusammen,Lanzar juego con la ventana de Dolphin,Käynnistä peli Dolphin-ikkunassa,Lancer le jeu avec la fennêtre de Dolphin,Apri il gioco con la finestra di Dolphin,Dolphinウィンドウでゲームを起動する,Dolphin 창에서 게임 실행,,Start spel met Dolphin-venster,Uruchom grę razem z oknem Dolphina,Abrir o jogo com a janela do Dolphin,Запустить игру с окном Dolphin,Dolphin Penceresi ile Oyunu Başlat,
option.launch_rr_on_startup,Launch Retro Rewind On Startup,,,,,Käynnistä Retro Rewind heti,,,,,,,Uruchom Retro Rewind razem z uruchomieniem Wheel Wizard.,,,,
option.v_sync,VSync,,VSync,VSync,VSync,Pystytahdistus (V-Sync),Synchronisation Verticale,Sincronizzazione Verticale,VSync(垂直同期),수직동기화(VSync),,VSync,VSync,VSync,VSync,VSync,
option.recommended,Recommended Settings,,Doporučené Nastavení,Empfohlene Einstellungen,Ajustes recomendados,Suositellut asetukset,Paramètres Recommandés,Impostazioni consigliate,推奨設定,추천 설정,,Aanbevolen instellingen,Polecane ustawienia,Definições recomensadas,Рекомендуемые настройки,Tavsiye Edilen Ayarlar,
option.show_fps,Show FPS,,Zobrazit FPS,FPS anzeigen,Mostrar FPS,Näytä kuvalaskuri,Montrer les FPS,Mostra gli FPS,FPSの表示,FPS 표시,,FPS weergeven,Pokaż FPS,Mostrar FPS,Показывать FPS,FPS Göster,
option.renderer,Renderer,,Renderování,Renderer,Renderizar,Renderöijä,Rendu,Renderizzatore,レンダラー,렌더링,,Renderer,,Renderizar,Движок рендера,Render,
option.window_scale,Window Scale,,Měřítko Okna,Fenstergröße,Escala de la ventana,Ikkunan koko,Taille de la fennêtre,Dimensione della finestra,ウィンドウサイズ,창 해상도,,Venstergrootte,Skala Okna,Escala da janela,Размер окна,Pencere Ölçeği,
option.open_config,Open Config Folder,,Otevřít Konfigurační Složku,Konfigurationsordner öffnen,Abrir carpeta de configuraciones,Avaa asetuskansio,Ouvrir le dossier de configuration,Apri la cartella di configurazione,設定フォルダーを開く,설정 폴더 열기,,Open config-map,Otwórz folder konfiguracji,Abrir a pasta Config,Открыть папку настроек,Yapılandırma Klasörü,
option.wheel_wizard_data_folder,Wheel Wizard data folder,,,Ordner für Wheel Wizard Daten,,Wheel Wizardinin tietokansio,,,,,,,Folder danych Wheel Wizard,,,,
option.reset_data_folder,Use default location,,,Standard-Speicherort verwenden,,Käytä oletussijaintia,,,,,,,Użyj domyślnej lokacji,,,,
option.dolphin_user_path,Dolphin User Folder,,Uživatelská Složka Dolphin,Dolphin Benutzer-Ordner,Carpeta de Usuario de Dolphin,Dolphin-käyttäjäkansio,Dossier d'utilisateur Dolphin,Cartella dell'Utente Dolphin,Dolphinのユーザーフォルダー,Dolphin 유저 폴더,,Dolphin-gebruiker-map,Folder Użytkownika Dolphina,Pasta do Utilizador do Dolphin,Пользовательская папка Dolphin,Dolphin Kullanıcı Klasörü,
option.mario_kart_game,Mario Kart Wii Game File,,Soubor Hry Mario Kart Wii,Mario Kart Wii Spiel-Datei,Archivo del juego Mario Kart Wii,Mario Kart Wii -pelitiedosto,ISO Mario Kart Wii,File di gioco di Mario Kart Wii,マリオカートWiiのゲームファイル,마리오 카트 Wii 게임 파일,,Mario Kart Wii-spelbestand,Plik gry Mario Kart Wii,Ficheiro de Jogo do Mario Kart Wii,Файл Mario Kart Wii,Mario Kart Wii Oyun Dosyası,
option.dolphin_emulator_exe,Dolphin Emulator executable,,Spustitelný soubor Dolphin Emulator,Dolphin Emulator Programm-Datei,Emulador Dolphin Ejecutable,Dolphin-emulaattorin käynnistystiedosto,Éxécutable Dolphin Emulator,Eseguibile Emulatore Dolphin,Dolphinエミュレーターを実行可能にする,Dolphin 에뮬레이터 실행 가능,,Dolphin-emulator-executable,,Executável do Dolphin Emulator,Исполняемый файл (.exe) эмулятора Dolphin,Dolphin Emulator yürütülebilir dosyası,
option.make_primary,Make Primary,,,Hauptprofil,Hacer primaria,Aseta ensisijaiseksi,Défini par défaut,Rendi di default,このライセンスに切り替える,이 프로필을 우선으로,,Maak hoofdprofiel,,Tornar Primário,Сделать основным,Birincil Yap,
option.enable_animations,Enable Animations,,Zapnout Animace,Aktiviere Animationen,Activar Animaciones,Animaatiot,Activer les animations,Attiva le animazioni,アニメーションを有効にする,애니메이션 활성,,Animaties inschakelen,,Ativar Animações,Включить анимации,Animasyonları Etkinleştir,
option.reinstall,Reinstall RR,,Reinstalovat RR,RR neu installieren,Reinstalar RR,Asenna RR uudelleen,Réinstaller Retro Rewind,Reinstalla Retro Rewind,Retro Rewindの再インストール,레트로 리와인드 재설치,,Herinstalleer RR,,Reinstalar RR,Переустановить Retro Rewind,Retro Rewind'ı Tekrar Kur,
option.open_game_folder,Open Game Folder,,Otevřít Složku Hry,Spielordner öffnen,Abrir carpeta de juegos,Avaa pelikansio,Ouvrir le dossier du jeu,Apri la cartella del gioco,ゲームフォルダーを開く,게임 폴더 열기,,Open spelmap,Otwórz Folder Gry,Abrir a Pasta do Jogo,Открыть папку с игрой,Oyun Klasörünü Aç,
option.open_save_folder,Open Save Folder,,Otevřít Složku Uložení,Speicherdatenordner öffnen,Abrir carpeta de archivos de juego guardados,Avaa tallennuskansio,Ouvrir le dossier de sauvegarde,Apri la cartella del salvataggio,セーブフォルダーを開く,세이브 폴더 열기,,Open opslagmap,Otwórz Folder Zapisów,Abrir a Pasta de Ficheiros de Gravação,Открыть папку сохранения,Kayıt Klasörünü Aç,
option.enable_recomp,Enable WiiCompiled (beta),,,,,,,,,,,,,,,,
option.recomp_use_dolphin_data,Share Dolphin save data,,,,,,,,,,,,,,,,
option.recomp_resolution,Resolution,,,,,,,,,,,,,,,,
option.recomp_graphics_api,Graphics API,,,,,,,,,,,,,,,,
option.recomp_prevent_stutters,Prevent stutters,,,,,,,,,,,,,,,,
section.graphics,Graphics,,Grafika,Grafik,Gráficos,Grafiikka,Graphismes,Grafica,グラフィックス,그래픽,,Grafisch,,Gráficos,Графика,Grafik,
section.general,General,,Obecné,Allgemein,General,Yleiset,Général,Generali,一般,일반,,Algemeen,,Geral,Общие,Genel,
section.language,Language,,Jazyk,Sprache,Idioma,Kieli,Langue,Lingua,言語,언어,,Taal,Język,Linguagem,Язык,Dil,
section.wii,Wii Settings,,Nastavení Wii,Wii Einstellungen,Ajustes de Wii,Wii-asetukset,Paramètres Wii,Impostazioni Wii,Wii設定,Wii 설정,,Wii-Instellingen,Ustawienia Wii,Definições da Wii,Настройки Wii,Wii Ayarları,
section.resolution,Resolution,,Rozlišení,Auflösung,Resolución,Resoluutio,Résolution,Risoluzione,解像度,해상도,,Resolutie,Rezolucja,Resolução,Разрешение,Çözünürlük,
section.performance,Performance Settings,,Nastavení Výkonu,Leistungseinstellungen,Ajustes de performance,Suorituskyvyn asetukset,Paramètres de perfomance,Impostazioni delle performance,パフォーマンス設定,성능 설정,,Prestatie-instellingen,Ustawienia Wydajności,Definições de Performance,Настройки производительности,Performans Ayarları,
section.renderer,Renderer Settings,,Nastavení Vykreslování,Renderer Einstellungen,Ajustes de renderizado,Renderöintiasetukset,Paramètres de rendu,Impostazioni del renderizzatore,レンダラー設定,렌더링 설정,,Renderer-instellingen,,Definições de Renderização,Настройки движка рендеринга,Render Ayarları,
section.location_paths,Location Settings,,Nastavení Umístění,Dateispeicherort Einstellungen,Ubicación de ajustes,Sijaintiasetukset,Paramètres de localisation,Impostazioni di ubicazione,パス設定,지역 설정,,Locatie-instellingen,Ustawienia Lokacji,Definições da Localização,Настройки расположения файлов,Konum Ayarları,
section.wh_wz_appearance,Wheel Wizard appearance,,Vzhled Wheel Wizard,Wheel Wizard Aussehen,Apariencia de Wheel Wizard,Wheel Wizardin ulkoasu,Apparence de Wheel Wizard,Aspetto di Wheel Wizard,Wheel Wizardの見た目,휠 위저드 외관,,Wheel Wizard-weergave,Wygląd Wheel Wizard,Aparência do Wheel Wizard,Внешний вид Wheel Wizard,Wheel Wizard görünümü,
section.installation,Installation,,Instalace,Installation,Instalación,Asennus,Installation,Installazione,インストール,설치,,Installatie,Instalacja,Instalação,Установка,Kurulum,
section.recomp,WiiCompiled (beta),,,,,,,,,,,,,,,,
section.recomp_dolphin_data,Dolphin Data,,,,,,,,,,,,,,,,
section.recomp_video,Video,,,,,,,,,,,,,,,,
helper_text.topbar.location_warning,"Settings are disabled, complete the location settings first",,"Nastavení jsou vypnuté, nejprve dokonči nastavení umístění","Einstellungen sind deaktiviert, komplettiere erst den Dateispeicherort","Ajustes desactivados, complete la ubicación de los ajustes primero","Asetukset on lukittu, suorita sijaintipolkujen asetukset ensin","Les paramètres sont désactivés, complétez d'abord les paramètres de localisation","Le impostazioni sono disattivate, completa le impostazioni della localizzazione",設定が無効になっています。最初にパス設定を完了させてください,설정이 잠겨있습니다. 지역 설정을 마치면 해금됩니다.,,"Instellingen zijn uitgeschakeld, voltooi eerst de locatie-instellingen.",,"As definições estão desativadas, completa as definições de localização primeiro","Настройки отключены, сначала завершите настройки локации.","Ayarlar devre dışı, önce konum ayarlarını tamamlayın.",
helper_text.enable_recomp,Uses WiiCompiled as the home-page launcher. Turn this off to use Dolphin and Retro Rewind instead. Windows only.,,,,,,,,,,,,,,,,
helper_text.recomp_use_dolphin_data,"Use Dolphin's existing Wii folder in place so WiiCompiled shares saves, Miis, and Wii settings. A change takes effect the next time WiiCompiled launches.",,,,,,,,,,,,,,,,
helper_text.recomp_graphics_api,"Only DirectX 12 and Vulkan run WiiCompiled reliably, so nothing else is offered.",,,,,,,,,,,,,,,,
helper_text.recomp_dolphin_data_not_found,Set an existing Dolphin User Folder in Location Settings first. It must contain a Wii folder.,,,,,,,,,,,,,,,,
helper_text.recomp_prevent_stutters,"While a shader is still compiling, the objects that need it are skipped for a few frames instead of the whole game stalling until it is ready. You get a tiny bit of pop-in instead of a stutter.",,,,,,,,,,,,,,,,
helper_text.launch_with_dolphin,Will launch dolphins main window along with the game,,Spustí hlavní okno Dolphin spolu s hrou,Wird Dolphins Hauptfenster mit dem Spiel starten,Se lanzará la ventana principal de Dolphin junto con el juego,Käynnistää Dolphinin pääikkunan pelin mukana,Ira lancer la fenêtre d'accueil de Dolphin en plus du jeu,Aprirà la finestra principale di Dolphin assieme al gioco,ゲームと一緒にDolphinのメインウィンドウを起動します,게임과 함께 Dolphin 메인 창을 킵니다.,,Opent het Dolphin-hoofdvenster met het spel erbij.,,Irá abrir a página principal do dolphin juntamento com o jogo,Откроет основное окно Dolphin'а вместе с игрой,Oyunun yanı sıra Dolphin'in ana penceresini de başlatacak.,
helper_text.launch_rr_on_startup,Automatically launches Retro Rewind when Wheel Wizard starts,,,,,Retro Rewind käynnistetään heti kun Wheel Wizard käynnistyy,,,,,,,,,,,
helper_text.force_disable_wiimote,"This setting disables Wiimote ingame, but enables it for the Wii channel",,,"Diese Einstellung deaktiviert die Wiimote im Spiel, aber nutzt sie für den Wii-Kanal","Este ajuste desactiva el Wiimote en juego, pero lo activa para el Canal Wii","Poistaa Wiimoten käytöstä pelissä, mutta ottaa sen käyttöön Wii-valikossa","Ce paramètre ira désactiver les Wiimotes dans le jeu, mais les activés dans le menu Wii","Questa impostazione disattiverà i Wiimote durante il gioco, ma li attiverà nel canale Wii",ゲーム内ではWiiリモコンを無効にしますが、Wiiチャンネルでは有効にします,이 설정은 게임 내 위모트를 비활성 합니다. Wii 채널에선 활성화됩니다.,,"Deze instelling schakelt de Wii-afstandsbediening uit in het spel, maar niet in het Wii-menu.",,"Esta definição desativa o Wiimote para o jogo, mas ativa-o para o canal Wii","Эта настройка отключает Wii Remote в игре, но включает для канала Wii.","Bu ayar, Wiimote'u oyun içinde devre dışı bırakır, ancak Wii kanalında etkinleştirir.",
helper_text.resolution_scale,1x is the native resolution,,,1x ist die native Auflösung,1x es la resolución nativa,1x on alkuperäinen resoluutio,1x est la résolution native,1x è la risoluzione nativa,デフォルト解像度は1xです,1x는 네이티브 해상도입니다,,1× is de orginele resolutie.,,1x a resolução nativa,1x это нативное разрешение,1x yerel çözünürlüktür.,
helper_text.recommended,This setting will change certain dolphin settings to reduce stuttering and lag spikes,,,"Diese Einstellung wird bestimmte Dolphin Einstellungen verändern, um Ruckeln und Lagspikes zu vermindern",Este ajuste cambiará ciertas configuraciones de Dolphin para reducir problemas de lag,Muuttaa joitakin Dolphinin asetuksia pätkimisen ja lagipiikkien vähentämiseksi,Ce paramètre va changer certain paramètre Dolphin pour réduire les saccades et lag spikes,Questa impostazione cambierà alcune impostazioni di Dolphin per ridurre problemi di lag,スタッタリングやラグスパイクなどを軽減するために、特定のDolphinの設定を変更します,이 설정은 랙을 줄이기 위해 Dolphin의 일부 설정을 바꿉니다.,,Deze instelling verandert sommige Dolphin-instellingen voor een optimale ervaring.,,Esta definição vai alterar algumas definições do dolphin para reduzir stutters e picos de lag,"Это изменит некоторые некоторые настройки Dolphin'а, чтобы избежать фризов и лагов.","Bu ayar, takılmaları ve gecikme dalgalanmalarını azaltmak için belirli Dolphin ayarlarını değiştirir.",
helper_text.30_fps,This setting will force the game to run in 30 FPS (default is 60),,Toto nastavení donutí hru běžet za 30 FPS (výchozí je 60),"Diese Einstellung erzwingt, dass das Spiel mit 30 FPS läuft (Standard ist 60).",Este ajuste forzará al juego a correr en 30 FPS (Lo normal es 60),Pakottaa pelin toimimaan 30 FPS -tilassa (oletus on 60),Ce paramètre va forcer le jeu à tourner en 30 FPS (60 est par défaut),Questa impostazione forzerà il gioco a girare a 30FPS (di default è 60),ゲームが30FPSで動作するようになります(通常は60FPS),이 설정은 게임을 강제로 30프레임으로 구동시킵니다.(기본: 60),,Met deze instelling wordt het spel gedwongen om te draaien op 30 FPS (standaard is 60).,,Esta definição vai forçar o jogo a correr a 30 FPS (normalmente é 60),Эта настройка поставит максимальное количество FPS на 30 (стандарт - 60),"Bu ayar, oyunu 30 FPS'de çalışmaya zorlar (varsayılan 60).",
helper_text.wheel_wizard_data_folder,Choose where Wheel Wizard stores its files. Moving may take a while.,,,"Wähle aus, wo Wheel Wizard seine Dateien speichert. Das Verschieben könnte eine Weile dauern.",,Valitse Wheel Wizardin tiedostosijainti. Siirtäminen voi kestää hetken.,,,,,,,,,,,
helper_text.end_with_exe,Path must end with .exe,,Cesta musí končit .exe,Dateipfad muss mit .exe enden.,La ruta debe terminar en un .exe,Polun täytyy loppua päätteeseen .exe,Le chemin doit se finir en .exe,L'indirizzo deve terminare con .exe,パスの拡張子は必ず .exe にしてください,"파일 경로는 "".exe""로 끝나야 합니다.",,"Locatie moet eindigen met "".exe"".",,O caminho deve acabar com .exe,Путь должен заканчиваться на .exe,"Yol, .exe ile bitmelidir.",
helper_text.enable_animations,This enables the animations in the Wheel Wizard app,,To aktivuje animace v aplikaci Wheel Wizard,Dies aktiviert die Animationen in der Wheel Wizard App.,Esto activa las animaciones en la aplicación Wheel Wizard,Ottaa käyttöön animaatiot Wheel Wizard -sovelluksessa,Ceci active les animations dans l'application Wheel Wizard,Questa impostazione abiliterà le animazioni nell'applicazione Wheel Wizard,Wheel Wizard内のアニメーションを有効にします,Wheel Wizard 앱의 애니메이션을 활성화 합니다.,,Dit schakelt de animaties in de Wheel Wizard-app in.,,Isto ativa as animações na app Wheel Wizard,Эта настройка включает анимации в лаунчере Wheel Wizard.,"Bu, Wheel Wizard uygulamasındaki animasyonları etkinleştirir.",
helper_text.end_with_x,Path can end with:,,Cesta může končit:,Pfad kann enden mit:,,Polku voi loppua:,Le chemin doit se finir avec:,L'indirizzo può terminare con:,パスは次のもので終わります:,파일 경로는 다음과 같이 끝날 수 있습니다:,,Locatie kan eindigen met:,,O caminho pode acabar com:,Путь может заканчиваться на:,"Yol, bunlar ile bitebilir:",
helper_text.wh_wz_language,"This only changes the language for Wheel Wizard. To change the in-game language, you’ll need to do that within the game settings.",,"Tím se změní pouze jazyk pro Wheel Wizard. Chceš-li změnit jazyk ve hře, musíš to udělat v nastavení hry.",Dies ändert nur die Sprache innerhalb von Wheel Wizard. Um die Sprache innerhalb des Spiels zu ändern musst du das in den Spieleinstellungen vornehmen,,Vaihtaa kielen vain Wheel Wizard -sovelluksessa. Pelin kielen saa vaihdettua itse pelin sisällä.,Ceci change uniquement la langue dans Wheel Wizard. Pour changer la langue dans le jeu. Veuillez le faire depuis les paramètres de Retro Rewind.,"Questo cambia soltanto la lingua di Wheel Wizard. Per cambiare la lingua all'interno del gioco, dovrai farlo dalle impostazioni del gioco stesso.",これはWheel Wizardの言語のみ変更します。ゲーム内の言語を変更したい場合、ゲーム設定内で変更する必要があります,이 설정은 Wheel Wizard의 언어만 변경합니다. 게임의 언어를 변경하기 위해서는 게임 설정에서 변경해야 합니다.,,"Dit verandert alleen de taal van Wheel Wizard. Om de taal in het spel zelf te wijzigen, moet je dit doen via de instellingen van het spel.",,"Isto só muda o idioma do Wheel Wizard. Para mudar o idioma dentro do jogo, precisas de fazer isso nas configurações do próprio jogo.",,Bu sadece Wheel Wizard'ın dilini değiştirir. Oyun içi dili değiştirmek için oyundaki ayarları kullanın.,
helper_text.optional,Optional,,Volitelný,Optional,,Valinnainen,Optionnel,Opzionale,任意,옵션,,Optioneel,,Opcional,,Opsiyonel,
helper_text.must_set_paths,You must set these 3 paths before you can start playing Retro Rewind,,Musíš nastavit tyto 3 cesty než začneš hrát Retro Rewind.,Du musst erst diese 3 Dateipfade bestimmen um Retro Rewind spielen zu können.,,Nämä 3 polkua on määritettävä ennen kuin voit pelata Retro Rewindia,Vous devez impérativement définir ces 3 chemins afin de jouer à Retro Rewind,Devi impostare questi 3 indirizzi prima di poter iniziare a giocare a Retro Rewind,Retro Rewindをプレイする前に、これらの3つのパスを設定する必要があります,Retro Rewind 실행 전 3개의 경로를 설정해야 합니다.,,Je moet deze 3 locaties instellen voordat je Retro Rewind kunt spelen.,,Precisas de configurar estes 3 caminhos antes de começar a jogar Retro Rewind.,,Retro Rewind'ı oynayabilmek için önce bu üç yolu ayarlamanız gerekiyor,
helper_text.must_set_game_path,You must select your Mario Kart Wii game file before you can start playing WiiCompiled,,,,,,,,,,,,,,,,
category.dolphin,Dolphin,,,,,,,,,,,,,,,,
category.about,About,,O tomto,Über,Acerca de,Tietoa,À propos,A riguardo,情報,정보,,Over,,Acerca de,О нас,Hakkında,
category.other,Other,,Ostatní,Sonstiges,Otro,Muut,Autre,Altro,その他,기타,,Overig,Inne,Outro,Другое,Diğer,
category.general,General,,Obecný,Allgemein,General,Yleiset,Général,Generale,一般,일반,,Algemeen,,Geral,Основное,Genel,
category.video,Video,,Video,Video,Video,Grafiikka,Vidéo,Video,映像,비디오,,Video,Wideo,Video,Видео,Video,
status.recomp_dolphin_data_not_linked,Not linked. WiiCompiled will use its private Wii data.,,,,,,,,,,,,,,,,
status.recomp_dolphin_data_linked,Sharing Dolphin data from {$1},,,,,,,,,,,,,,,,
status.recomp_dolphin_data_copied,Using a copy of your Dolphin data at {$1},,,,,,,,,,,,,,,,
status.recomp_dolphin_data_not_found,Dolphin data not found,,,,,,,,,,,,,,,,
status.recomp_not_installed,WiiCompiled is not installed yet. Install it from the home page first.,,,,,,,,,,,,,,,,
status.recomp_uninstalled,WiiCompiled has been uninstalled,,,,,,,,,,,,,,,,
status.data_folder.default,Using default location.,,,Standard-Speicherort wird verwendet.,,Käytetään oletussijaintia.,,,,,,,,,,,
status.data_folder.custom,Using custom location.,,,Verwendet benutzerdefinierten Speicherort,,Käytetään mukautettua sijaintia.,,,,,,,,,,,
status.data_folder.moving,"Moving data, please wait...",,,"Dateien werden verschoben, bitte warten...",,"Siirretään tietoja, odota hetki...",,,,,,,,"A mover dados, por favor aguarde...",,,
value.language.france,French,,Francouzština,Französisch,Francés,Ranska,Français,Francese,フランス語,프랑스어,,Frans,Francuski,Francês,Французский,Fransızca,
value.language.dutch,Dutch,,Nizozemština,Niederländisch,Neerlandés,Hollanti,Néerlandais,Olandese,オランダ語,네덜란드어,,Nederlands,Holenderski,Holandês,Нидерландский,Hollandaca,
value.language.english,English,,Angličtina,Englisch,Inglés,Englanti,Anglais,Inglese,英語,영어,,Engels,Angielski,Inglês,Английский,İngilizce,
value.language.german,German,,Němčina,Deutsch,Alemán,Saksa,Allemand,Tedesco,ドイツ語,독일어,,Duits,Niemiecki,Alemão,Немецкий,Almanca,
value.language.italian,Italian,,Italština,Italienisch,Italiano,Italia,Italien,Italiano,イタリア語,이탈리아어,,Italiaans,Włoski,Italiano,Итальянский,İtalyanca,
value.language.japanese,Japanese,,Japonština,Japanisch,Japonés,Japani,Japonais,Giapponese,日本語,일본어,,Japans,Japoński,Japonês,Японский,Japonca,
value.language.turkish,Turkish,,Turečtina,Türkisch,Turco,Turkki,Turc,Turco,トルコ語,튀르키예어,,Turks,Turecki,Turco,Турецкий,Türkçe,
value.language.spanish,Spanish,,Španělština,Spanisch,Español,Espanja,Espagnol,Spagnolo,スペイン語,스페인어,,Spaans,Hiszpański,Espanhol,Испанский,İspanyolca,
value.language.finnish,Finnish,,Finština,Finnisch,Finlandés,Suomi,Finlandais,Finlandese,フィンランド語,핀란드어,,Fins,Fiński,Finlandês,Финский,Fince,
value.language.korean,Korean,,Korejština,Koreanisch,Coreano,Korea,Coréen,Coreano,韓国語,한국어,,Koreaans,Koreański,Coreano,Корейский,Korece,
value.language.russian,Russian,,Ruština,Russisch,Ruso,Venäjä,Russe,Russo,ロシア語,러시아어,,Russisch,Rosyjski,Russo,Русский,Rusça,
value.language.arabic,Arabic,,Arabština,Arabisch,Arabe,Arabia,Arabe,Arabo,アラビア語,아랍어,,Arabisch,Arabski,Árabe,Арабский,Arapça,
value.language.czech,Czech,,Čeština,Tschechisch,Checo,Tšekki,Tchèque,Ceco,チェコ語,체코어,,Tsjechisch,Czeski,Checo,Чешский,Çekçe,
value.language.norwegian,Norwegian,,Norština,Norwegisch,Noruego,Norja,Norvégien,Norvegese,ノルウェー語,노르웨이어,,Noors,Norweski,Norueguês,Норвежский,Norveççe,
value.language.chinese,Chinese,,Čínština,Chinesisch,Chino,Kiina,Chinois,Cinese,中国語,중국어,,Chinees,Chinski,Chinês,Китайский,Çince,
value.language.polish,Polish,,,,,,,,,,,,Polski,,,,
value.language.portuguese,Portuguese,,Portugalština,Portugisisch,Portugués,Portugali,Portugais,Portoghese,ポルトガル語,포르투갈어,,Portugees,Portugalski,Português,Португальский,Portekizce,
value.language.z_translators,Put your name here if you contributed.,"Yawshi, A̷bd̷αllαh̷ ⢸ ـبدَالله؏",Pattyrix,"Weebo, kytronix, Gab, ToadetteHackFan","Frix, JGavidia","Clavey, Alokas","Eppe, Yawshi","Ismy, Sep","Haru00007,  Mosgis,  Mossan","StationAlpha, Sinseiga, 주녕","Kinsey, Pluto_games","WantToBeeMe, Noël, Krummers",tim13.,"JMM,  Gui_C__Tuga, bubble","CaXaP,  StHydrated, OrangeCake","wrkus, Weebo",
